timestamp;title;total_area;price;rooms;floor;total_floors;address;description;url;images_count
31.03.2026 22:20;Продается двухкомнатная квартира 63.7 м;63.7 ;32000000;2-комнатная квартира;15;17; Адрес: Москва, Новочерёмушкинская улица, 49к1, ; Характеристики, описание и фото объекта id 7053956937284060480 на Яндекс Недвижимости;https://realty.yandex.ru/offer/7053956937284060480/;8
31.03.2026 22:20;Продается двухкомнатная квартира 40.2 м;40.2 ;18092010;2-комнатная квартира;13;19; Адрес: Москва, НАО, район Коммунарка, ЖК Скандинавия, 18.2.1, Жилой район «Скандинавия». ; Характеристики, описание и фото объекта id 3221624791686426575 на Яндекс Недвижимости;https://realty.yandex.ru/offer/3221624791686426575/;8
31.03.2026 22:20;Продается квартира-студию 32.72 м;32.7 ;20427914;квартира-студия;32;25; Адрес: Москва, жилой комплекс Веер, ЖК «Веер». ; Характеристики, описание и фото объекта id 1990571996409713860 на Яндекс Недвижимости;https://realty.yandex.ru/offer/1990571996409713860/;8
31.03.2026 22:20;Продается квартира 440 м;440 ;450000000;6-комнатная квартира;22;37; Адрес: Москва, проспект Вернадского, 94к4, ЖК «Миракс Парк». ; Характеристики, описание и фото объекта id 3938455563546031479 на Яндекс Недвижимости;https://realty.yandex.ru/offer/3938455563546031479/;8
31.03.2026 22:20;Продается квартира 136.41 м;136.4 ;488416000;4-комнатная квартира;4;5; Адрес: Москва, ЦАО, район Замоскворечье, ЖК Русские Сезоны, к7Б, ЖК «Русские сезоны». ; Характеристики, описание и фото объекта id 4540326352796620789 на Яндекс Недвижимости;https://realty.yandex.ru/offer/4540326352796620789/;8
31.03.2026 22:20;Продается квартира 345.3 м;345.3 ;453586080;7-комнатная квартира;22;22; Адрес: Москва, Волоколамское шоссе, ЖК «Клубный город на реке Примавера». ; Характеристики, описание и фото объекта id 9072164097299048183 на Яндекс Недвижимости;https://realty.yandex.ru/offer/9072164097299048183/;8
31.03.2026 22:20;Продается двухкомнатная квартира 64 м;64 ;46656000;2-комнатная квартира;30;41; Адрес: Москва, 1-й Сетуньский проезд, 8, ЖК Hide. ; Характеристики, описание и фото объекта id 3938323447995257279 на Яндекс Недвижимости;https://realty.yandex.ru/offer/3938323447995257279/;8
31.03.2026 22:20;Продается трехкомнатная квартира 87.7 м;87.7 ;30500000;3-комнатная квартира;8;11; Адрес: Москва, 6-я Радиальная улица, 3к6, Микрорайон «Царицыно 1». ; Характеристики, описание и фото объекта id 5227772918666484144 на Яндекс Недвижимости;https://realty.yandex.ru/offer/5227772918666484144/;8
31.03.2026 22:20;Продается трехкомнатная квартира 143 м;143 ;259068992;3-комнатная квартира;4;18; Адрес: Москва, Лужнецкая набережная, 1, ЖК «Коллекция Лужники». ; Характеристики, описание и фото объекта id 6988603487223917644 на Яндекс Недвижимости;https://realty.yandex.ru/offer/6988603487223917644/;8
31.03.2026 22:20;Продается двухкомнатная квартира 56.7 м;56.7 ;32000000;2-комнатная квартира;3;7; Адрес: Москва, Большая Дорогомиловская улица, 5, ; Характеристики, описание и фото объекта id 7053956916156607129 на Яндекс Недвижимости;https://realty.yandex.ru/offer/7053956916156607129/;8
31.03.2026 22:20;Продается двухкомнатная квартира 91.7 м;91.7 ;124619848;2-комнатная квартира;12;18; Адрес: Москва, жилой комплекс Бадаевский, ЖК «Бадаевский». ; Характеристики, описание и фото объекта id 5130215968418371651 на Яндекс Недвижимости;https://realty.yandex.ru/offer/5130215968418371651/;8
31.03.2026 22:20;Продается двухкомнатная квартира 118.2 м;118.2 ;333129984;2-комнатная квартира;6;12; Адрес: Москва, Фрунзенская набережная, 30, Клубный квартал Фрунзенская набережная. ; Характеристики, описание и фото объекта id 6747581616178222145 на Яндекс Недвижимости;https://realty.yandex.ru/offer/6747581616178222145/;8
31.03.2026 22:20;Продается трехкомнатная квартира от собственника 65.8 м;65.8 ;20500000;3-комнатная квартира;8;12; Адрес: Москва, Кавказский бульвар, 29к1, ; Характеристики, описание и фото объекта id 1975938428874218752 на Яндекс Недвижимости;https://realty.yandex.ru/offer/1975938428874218752/;8
31.03.2026 22:20;Продается трехкомнатная квартира 135 м;135 ;34900000;3-комнатная квартира;10;16; Адрес: Москва, Союзный проспект, 22, ; Характеристики, описание и фото объекта id 8596275658305296790 на Яндекс Недвижимости;https://realty.yandex.ru/offer/8596275658305296790/;8
31.03.2026 22:20;Продается 3-комнатные апартаменты 131.3 м;131.3 ;411005088;3-комнатные апартаменты;5;6; Адрес: Москва, Саввинская набережная, 27, Делюкс-резиденция Саввинская 27. ; Характеристики, описание и фото объекта id 4857195112138433709 на Яндекс Недвижимости;https://realty.yandex.ru/offer/4857195112138433709/;8
31.03.2026 22:20;Продается трехкомнатная квартира 54.3 м;54.3 ;17000000;3-комнатная квартира;2;5; Адрес: Москва, улица Трофимова, 24к1, ; Характеристики, описание и фото объекта id 7053956995837259167 на Яндекс Недвижимости;https://realty.yandex.ru/offer/7053956995837259167/;8
31.03.2026 22:20;Продается трехкомнатная квартира 73.3 м;73.3 ;23990000;3-комнатная квартира;6;23; Адрес: Москва, Рублёвское шоссе, 70к1, ; Характеристики, описание и фото объекта id 6675401446728428042 на Яндекс Недвижимости;https://realty.yandex.ru/offer/6675401446728428042/;8
31.03.2026 22:20;Продается трехкомнатная квартира 112 м;112 ;39900000;3-комнатная квартира;5;31; Адрес: Москва, Карамышевская набережная, 2А, ЖК «Утесов». ; Характеристики, описание и фото объекта id 7053956915301334307 на Яндекс Недвижимости;https://realty.yandex.ru/offer/7053956915301334307/;8
31.03.2026 22:20;Продается однокомнатная квартира 54.9 м;54.9 ;84161696;1-комнатная квартира;8;19; Адрес: Москва, Большая Татарская улица, 35с15-16, ТАТАРСКАЯ 35. ; Характеристики, описание и фото объекта id 6396785477905549549 на Яндекс Недвижимости;https://realty.yandex.ru/offer/6396785477905549549/;8
31.03.2026 22:21;Продается квартира 120 м;120 ;77000000;4-комнатная квартира;6;14; Адрес: Москва, Лазоревый проезд, 3, ЖК «LIFE-Ботанический cад». ; Характеристики, описание и фото объекта id 1424466790038815901 на Яндекс Недвижимости;https://realty.yandex.ru/offer/1424466790038815901/;8
31.03.2026 22:21;Продается апартаменты-студию 34.9 м;34.9 ;18716264;апартаменты-студия;9;28; Адрес: Москва, улица Василисы Кожиной, 13, Квартал Match Point. ; Характеристики, описание и фото объекта id 7665459515861422290 на Яндекс Недвижимости;https://realty.yandex.ru/offer/7665459515861422290/;8
31.03.2026 22:21;Продается двухкомнатная квартира 75 м;75 ;44332500;2-комнатная квартира;14;21; Адрес: Москва, Щукинская улица, 3, Клубный дом «Интонация». ; Характеристики, описание и фото объекта id 6237159552146388508 на Яндекс Недвижимости;https://realty.yandex.ru/offer/6237159552146388508/;8
31.03.2026 22:21;Продается трехкомнатная квартира от собственника 63 м;63 ;23100000;3-комнатная квартира;12;12; Адрес: Москва, НАО, район Коммунарка, Прокшинский проспект, 5, ЖК «Прокшино». ; Характеристики, описание и фото объекта id 3526687540086458880 на Яндекс Недвижимости;https://realty.yandex.ru/offer/3526687540086458880/;8
31.03.2026 22:21;Продается квартира 183.6 м;183.6 ;119340000;4-комнатная квартира;18;20; Адрес: Москва, Ленинградское шоссе, 69к2, ЖК Aquatoria. ; Характеристики, описание и фото объекта id 4035986349848854106 на Яндекс Недвижимости;https://realty.yandex.ru/offer/4035986349848854106/;8
31.03.2026 22:21;Продается однокомнатная квартира от собственника 38.6 м;38.6 ;21500000;1-комнатная квартира;15;23; Адрес: Москва, улица Яблочкова, 16, ; Характеристики, описание и фото объекта id 7017047029097732096 на Яндекс Недвижимости;https://realty.yandex.ru/offer/7017047029097732096/;8
31.03.2026 22:21;Продается трехкомнатная квартира 84.3 м;84.3 ;53353472;3-комнатная квартира;21;29; Адрес: Москва, ЖК Портленд, ЖК «ПОРТЛЕНД». ; Характеристики, описание и фото объекта id 3939908807157623315 на Яндекс Недвижимости;https://realty.yandex.ru/offer/3939908807157623315/;8
31.03.2026 22:21;Продается 2-комнатные апартаменты 40 м;40 ;16200000;2-комнатные апартаменты;6;14; Адрес: Москва, Ленинградский проспект, 80к66, ; Характеристики, описание и фото объекта id 9137391780222233631 на Яндекс Недвижимости;https://realty.yandex.ru/offer/9137391780222233631/;8
31.03.2026 22:21;Продается квартира-студию 20.3 м;20.3 ;5100000;квартира-студия;13;20; Адрес: Балашиха, улица Романычева, 5, ЖК «Новоград Павлино». ; Характеристики, описание и фото объекта id 4621214816080344719 на Яндекс Недвижимости;https://realty.yandex.ru/offer/4621214816080344719/;8
31.03.2026 22:21;Продается трехкомнатная квартира 105 м;105 ;180000000;3-комнатная квартира;10;12; Адрес: Москва, Мосфильмовская улица, 1А, ЖК «Вишневый сад». ; Характеристики, описание и фото объекта id 7567888441305037989 на Яндекс Недвижимости;https://realty.yandex.ru/offer/7567888441305037989/;8
31.03.2026 22:21;Продается двухкомнатная квартира 63.5 м;63.5 ;23075900;2-комнатная квартира;24;32; Адрес: Москва, СВАО, Алтуфьевский район, ЖК Алтуфьевское 53, 1.1, Алтуфьевское 53. ; Характеристики, описание и фото объекта id 4017216401934067074 на Яндекс Недвижимости;https://realty.yandex.ru/offer/4017216401934067074/;8
31.03.2026 22:21;Продается квартира 144.2 м;144.2 ;134649808;4-комнатная квартира;6;6; Адрес: Москва, проспект Андропова, 9/1к3, ЖК Dream Towers. ; Характеристики, описание и фото объекта id 7039313832321663081 на Яндекс Недвижимости;https://realty.yandex.ru/offer/7039313832321663081/;8
31.03.2026 22:21;Продается квартира 138 м;138 ;145410592;4-комнатная квартира;26;26; Адрес: Москва, СЗАО, район Хорошёво-Мнёвники, ЖК Сидней Сити, к5/1, ЖК «Сидней Сити». ; Характеристики, описание и фото объекта id 5228461260287940369 на Яндекс Недвижимости;https://realty.yandex.ru/offer/5228461260287940369/;8
31.03.2026 22:21;Продается квартира 165.5 м;165.5 ;341241984;4-комнатная квартира;1;19; Адрес: Москва, ЖК Родина Парк, к1, ЖК «Родина Парк». ; Характеристики, описание и фото объекта id 3190558369716789506 на Яндекс Недвижимости;https://realty.yandex.ru/offer/3190558369716789506/;8
31.03.2026 22:21;Продается квартира 176 м;176 ;140000000;4-комнатная квартира;6;7; Адрес: Москва, Малый Николопесковский переулок, 4, ; Характеристики, описание и фото объекта id 4035986349848947387 на Яндекс Недвижимости;https://realty.yandex.ru/offer/4035986349848947387/;8
31.03.2026 22:21;Продается однокомнатная квартира 46.94 м;46.9 ;11990119;1-комнатная квартира;7;8; Адрес: Москва, НАО, район Внуково, квартал № 37, жилой комплекс Новое Внуково, к35, ЖК «Новое Внуково». ; Характеристики, описание и фото объекта id 535181661721405979 на Яндекс Недвижимости;https://realty.yandex.ru/offer/535181661721405979/;8
31.03.2026 22:21;Продается квартира-студию 32.7 м;32.7 ;9080790;квартира-студия;6;16; Адрес: Москва, НАО, Филимонковский район, ЖК Середневский Лес, 2.1.1, Середневский лес. ; Характеристики, описание и фото объекта id 4017216401910952359 на Яндекс Недвижимости;https://realty.yandex.ru/offer/4017216401910952359/;8
31.03.2026 22:21;Продается трехкомнатная квартира 106.9 м;106.9 ;71088496;3-комнатная квартира;54;55; Адрес: Москва, 4-я улица Марьиной Рощи, 10к1, ЖК «Мод». ; Характеристики, описание и фото объекта id 3823683735978219410 на Яндекс Недвижимости;https://realty.yandex.ru/offer/3823683735978219410/;8
31.03.2026 22:21;Продается трехкомнатная квартира 111 м;111 ;65500000;3-комнатная квартира;4;14; Адрес: Москва, улица Юннатов, 16, Клубный дом «Юннаты». ; Характеристики, описание и фото объекта id 5179235881932704263 на Яндекс Недвижимости;https://realty.yandex.ru/offer/5179235881932704263/;8
31.03.2026 22:22;Продается квартира 214 м;214 ;154200000;6-комнатная квартира;24;43; Адрес: Москва, 1-й Сетуньский проезд, 8, ЖК Hide. ; Характеристики, описание и фото объекта id 1396823674431506886 на Яндекс Недвижимости;https://realty.yandex.ru/offer/1396823674431506886/;8
31.03.2026 22:22;Продается квартира-студию 23.53 м;23.5 ;8669017;квартира-студия;4;21; Адрес: деревня Столбово, ЖК Эко Бунино, 13, ЖК «Эко Бунино». ; Характеристики, описание и фото объекта id 8429325432462266304 на Яндекс Недвижимости;https://realty.yandex.ru/offer/8429325432462266304/;8
31.03.2026 22:22;Продается двухкомнатная квартира 54.4 м;54.4 ;29169428;2-комнатная квартира;12;15; Адрес: Москва, Автозаводская улица, 23с120, Квартал «Парк Легенд». ; Характеристики, описание и фото объекта id 4624604106407211810 на Яндекс Недвижимости;https://realty.yandex.ru/offer/4624604106407211810/;8
31.03.2026 22:22;Продается двухкомнатная квартира 44.5 м;44.5 ;18540000;2-комнатная квартира;8;9; Адрес: Москва, улица 26 Бакинских Комиссаров, 12к3, ; Характеристики, описание и фото объекта id 7035113340557147289 на Яндекс Недвижимости;https://realty.yandex.ru/offer/7035113340557147289/;8
31.03.2026 22:22;Продается 3-комнатные апартаменты 127 м;127 ;260500000;3-комнатные апартаменты;4;5; Адрес: Москва, Пречистенская набережная, 5, ЖК «Кленовый DOM». ; Характеристики, описание и фото объекта id 3938455563544951317 на Яндекс Недвижимости;https://realty.yandex.ru/offer/3938455563544951317/;8
31.03.2026 22:22;Продается двухкомнатная квартира 58.6 м;58.6 ;23193880;2-комнатная квартира;10;39; Адрес: Москва, жилой комплекс Москворечье, 1.3, Москворечье. ; Характеристики, описание и фото объекта id 4017216401911664460 на Яндекс Недвижимости;https://realty.yandex.ru/offer/4017216401911664460/;8
31.03.2026 22:22;Продается трехкомнатная квартира 89.9 м;89.9 ;64407700;3-комнатная квартира;6;8; Адрес: Москва, Сосинская улица, 8, ЖК Champine. ; Характеристики, описание и фото объекта id 7013803003088865152 на Яндекс Недвижимости;https://realty.yandex.ru/offer/7013803003088865152/;8
31.03.2026 22:22;Продается апартаменты-студию 23 м;23 ;5690000;апартаменты-студия;1;5; Адрес: Москва, улица Адмирала Макарова, 37к2, ; Характеристики, описание и фото объекта id 3938452234512214822 на Яндекс Недвижимости;https://realty.yandex.ru/offer/3938452234512214822/;8
31.03.2026 22:22;Продается 2-комнатные апартаменты 61.5 м;61.5 ;15934650;2-комнатные апартаменты;9;20; Адрес: Москва, Долгопрудненское шоссе, 3А, ФизтехСити. ; Характеристики, описание и фото объекта id 6277030519058828765 на Яндекс Недвижимости;https://realty.yandex.ru/offer/6277030519058828765/;8
31.03.2026 22:22;Продается трехкомнатная квартира 142.1 м;142.1 ;275000000;3-комнатная квартира;3;13; Адрес: Москва, Погодинская улица, 2, ЖК «ЖИЗНЬ на Плющихе». ; Характеристики, описание и фото объекта id 4805508911738002657 на Яндекс Недвижимости;https://realty.yandex.ru/offer/4805508911738002657/;8
31.03.2026 22:22;Продается 1-комнатные апартаменты 19 м;19 ;9700000;1-комнатные апартаменты;5;6; Адрес: Москва, Чертановская улица, 7А, ЖК «Станция». ; Характеристики, описание и фото объекта id 445981267412754339 на Яндекс Недвижимости;https://realty.yandex.ru/offer/445981267412754339/;8
31.03.2026 22:22;Продается квартира 500 м;500 ;700000000;5-комнатная квартира;5;5; Адрес: Москва, Кривоарбатский переулок, 13, ; Характеристики, описание и фото объекта id 4805508911739609292 на Яндекс Недвижимости;https://realty.yandex.ru/offer/4805508911739609292/;8
31.03.2026 22:22;Продается двухкомнатная квартира 59.3 м;59.3 ;31802590;2-комнатная квартира;4;24; Адрес: Москва, ВАО, район Сокольники, ЖК СТОУН Сокольники. ; Характеристики, описание и фото объекта id 6969646856317058992 на Яндекс Недвижимости;https://realty.yandex.ru/offer/6969646856317058992/;8
31.03.2026 22:22;Продается трехкомнатная квартира 292 м;292 ;982300928;3-комнатная квартира;7;8; Адрес: Москва, Костянский переулок, 13, Клубный дом «Turgenev». ; Характеристики, описание и фото объекта id 4699279334756299012 на Яндекс Недвижимости;https://realty.yandex.ru/offer/4699279334756299012/;8
31.03.2026 22:22;Продается квартира 414 м;414 ;276251360;6-комнатная квартира;30;31; Адрес: Москва, Нежинская улица, 1к3, ЖК «Кутузовская Ривьера». ; Характеристики, описание и фото объекта id 7567071405445030790 на Яндекс Недвижимости;https://realty.yandex.ru/offer/7567071405445030790/;8
31.03.2026 22:22;Продается однокомнатная квартира 37.8 м;37.8 ;12950000;1-комнатная квартира;10;16; Адрес: Москва, Лобненская улица, 15к1, ; Характеристики, описание и фото объекта id 8271952783917999104 на Яндекс Недвижимости;https://realty.yandex.ru/offer/8271952783917999104/;8
31.03.2026 22:22;Продается квартира 155.6 м;155.6 ;78418384;4-комнатная квартира;12;22; Адрес: Москва, Мытная улица, 40к1, ЖК Sky House. ; Характеристики, описание и фото объекта id 8830138178656696677 на Яндекс Недвижимости;https://realty.yandex.ru/offer/8830138178656696677/;8
31.03.2026 22:22;Продается квартира 76.62 м;76.6 ;18500000;4-комнатная квартира;8;15; Адрес: Москва, НАО, район Щербинка, Алхимовская улица, 1к3, ЖК «Алхимово». ; Характеристики, описание и фото объекта id 8756510268182139895 на Яндекс Недвижимости;https://realty.yandex.ru/offer/8756510268182139895/;8
31.03.2026 22:22;Продается 2-комнатные апартаменты 43.4 м;43.4 ;17500000;2-комнатные апартаменты;2;4; Адрес: Москва, 2-я Рыбинская улица, 13, Резиденция «Loft Garden». ; Характеристики, описание и фото объекта id 4621215663674100424 на Яндекс Недвижимости;https://realty.yandex.ru/offer/4621215663674100424/;8
31.03.2026 22:23;Продается квартира 254.1 м;254.1 ;869022016;4-комнатная квартира;4;8; Адрес: Москва, Никитский бульвар, 6, ЖК «Никитский-6». ; Характеристики, описание и фото объекта id 2967407115321494212 на Яндекс Недвижимости;https://realty.yandex.ru/offer/2967407115321494212/;8
31.03.2026 22:23;Продается апартаменты 232.5 м;232.5 ;188453792;4-комнатные апартаменты;75;85; Адрес: Москва, 1-й Красногвардейский проезд, 21с2, МФК «ОКО». ; Характеристики, описание и фото объекта id 1008324627150474372 на Яндекс Недвижимости;https://realty.yandex.ru/offer/1008324627150474372/;8
31.03.2026 22:23;Продается двухкомнатная квартира 54.9 м;54.9 ;30500000;2-комнатная квартира;8;9; Адрес: Москва, Брянская улица, 2, ; Характеристики, описание и фото объекта id 7035113340531356962 на Яндекс Недвижимости;https://realty.yandex.ru/offer/7035113340531356962/;8
31.03.2026 22:23;Продается 2-комнатные апартаменты 43.9 м;43.9 ;14838200;2-комнатные апартаменты;2;18; Адрес: Москва, Электродная улица, 2А, ЭВОПАРК Измайлово. ; Характеристики, описание и фото объекта id 6301626192666020097 на Яндекс Недвижимости;https://realty.yandex.ru/offer/6301626192666020097/;8
31.03.2026 22:23;Продается 2-комнатные апартаменты 86 м;86 ;95000000;2-комнатные апартаменты;53;61; Адрес: Москва, 1-й Красногвардейский проезд, 22с1, МФК NEVA TOWERS. ; Характеристики, описание и фото объекта id 3938455563568076878 на Яндекс Недвижимости;https://realty.yandex.ru/offer/3938455563568076878/;8
31.03.2026 22:23;Продается апартаменты 350 м;350 ;999000000;5-комнатные апартаменты;5;7; Адрес: Москва, Малый Козихинский переулок, 11, Апарт-комплекс «У Патриарших». ; Характеристики, описание и фото объекта id 5179313443541956427 на Яндекс Недвижимости;https://realty.yandex.ru/offer/5179313443541956427/;8
31.03.2026 22:23;Продается трехкомнатная квартира 80.21 м;80.2 ;20088514;3-комнатная квартира;2;25; Адрес: посёлок городского типа Путилково, ЖК Большое Путилково, 28, ЖК «Большое Путилково». ; Характеристики, описание и фото объекта id 6464610086927087717 на Яндекс Недвижимости;https://realty.yandex.ru/offer/6464610086927087717/;8
31.03.2026 22:23;Продается трехкомнатная квартира 79.4 м;79.4 ;20200000;3-комнатная квартира;12;12; Адрес: Москва, Чечёрский проезд, 24, ; Характеристики, описание и фото объекта id 5227772918666482307 на Яндекс Недвижимости;https://realty.yandex.ru/offer/5227772918666482307/;8
31.03.2026 22:23;Продается 2-комнатные апартаменты 61.1 м;61.1 ;15953210;2-комнатные апартаменты;11;20; Адрес: Москва, Долгопрудненское шоссе, 3А, ФизтехСити. ; Характеристики, описание и фото объекта id 6277030519089359545 на Яндекс Недвижимости;https://realty.yandex.ru/offer/6277030519089359545/;8
31.03.2026 22:23;Продается апартаменты 220 м;220 ;255000000;4-комнатные апартаменты;10;10; Адрес: Москва, Ленинградский проспект, 36с31, ЖК «ВТБ Арена парк». ; Характеристики, описание и фото объекта id 3938455563568073156 на Яндекс Недвижимости;https://realty.yandex.ru/offer/3938455563568073156/;8
31.03.2026 22:23;Продается квартира 172 м;172 ;309780000;4-комнатная квартира;8;12; Адрес: Москва, улица Спиридоновка, 18, ; Характеристики, описание и фото объекта id 7567888441305043686 на Яндекс Недвижимости;https://realty.yandex.ru/offer/7567888441305043686/;8
31.03.2026 22:23;Продается квартира 115 м;115 ;178000000;5-комнатная квартира;4;7; Адрес: Москва, Богословский переулок, 3, ; Характеристики, описание и фото объекта id 5179313443541924895 на Яндекс Недвижимости;https://realty.yandex.ru/offer/5179313443541924895/;8
31.03.2026 22:23;Продается трехкомнатная квартира 62.5 м;62.5 ;10400000;3-комнатная квартира;5;14; Адрес: Москва, Совхозная улица, 4к3, ; Характеристики, описание и фото объекта id 7053956915240536613 на Яндекс Недвижимости;https://realty.yandex.ru/offer/7053956915240536613/;8
31.03.2026 22:23;Продается однокомнатная квартира 40.03 м;40 ;27384524;1-комнатная квартира;20;21; Адрес: Москва, САО, район Западное Дегунино, ЖК Селигер Сити, ЖК «Селигер Сити». ; Характеристики, описание и фото объекта id 315524219340134674 на Яндекс Недвижимости;https://realty.yandex.ru/offer/315524219340134674/;8
31.03.2026 22:23;Продается двухкомнатная квартира 38.9 м;38.9 ;16852122;2-комнатная квартира;4;30; Адрес: Москва, ЮВАО, Рязанский район, ЖК Баланс, ЖК «Баланс». ; Характеристики, описание и фото объекта id 4093993724040575347 на Яндекс Недвижимости;https://realty.yandex.ru/offer/4093993724040575347/;8
31.03.2026 22:23;Продается трехкомнатная квартира 78.4 м;78.4 ;34230852;3-комнатная квартира;25;30; Адрес: Москва, Волгоградский проспект, 32/5к3, ЖК «Метрополия». ; Характеристики, описание и фото объекта id 8487340815223572123 на Яндекс Недвижимости;https://realty.yandex.ru/offer/8487340815223572123/;8
31.03.2026 22:23;Продается двухкомнатная квартира 58.8 м;58.8 ;28488600;2-комнатная квартира;2;59; Адрес: Москва, ЗАО, Можайский район, ЖК «Веер». ; Характеристики, описание и фото объекта id 1036957393382099684 на Яндекс Недвижимости;https://realty.yandex.ru/offer/1036957393382099684/;8
31.03.2026 22:23;Продается трехкомнатная квартира 70.4 м;70.4 ;16650000;3-комнатная квартира;15;16; Адрес: Москва, улица Вертолётчиков, 2Ак3, ЖК «Мой адрес в Некрасовке-2 (1 очередь)». ; Характеристики, описание и фото объекта id 7053956937287813215 на Яндекс Недвижимости;https://realty.yandex.ru/offer/7053956937287813215/;8
31.03.2026 22:24;Продается апартаменты 114.7 м;114.7 ;62052700;4-комнатные апартаменты;9;21; Адрес: Москва, улица Народного Ополчения, 13, Апарт-комплекс Wellton Gold. ; Характеристики, описание и фото объекта id 1970059785595118817 на Яндекс Недвижимости;https://realty.yandex.ru/offer/1970059785595118817/;8
31.03.2026 22:24;Продается квартира 109 м;109 ;37000000;5-комнатная квартира;15;16; Адрес: Москва, Пятницкое шоссе, 6к4, ; Характеристики, описание и фото объекта id 9137391780946390376 на Яндекс Недвижимости;https://realty.yandex.ru/offer/9137391780946390376/;8
31.03.2026 22:24;Продается квартира 495.9 м;495.9 ;1785240064;4-комнатная квартира;3;6; Адрес: Москва, Трёхпрудный переулок, 9с7, Клубный дом «Левенсон». ; Характеристики, описание и фото объекта id 1285835331746975650 на Яндекс Недвижимости;https://realty.yandex.ru/offer/1285835331746975650/;8
31.03.2026 22:24;Продается трехкомнатная квартира 109 м;109 ;58772800;3-комнатная квартира;3;39; Адрес: Москва, ВАО, район Сокольники, КОД Сокольники. ; Характеристики, описание и фото объекта id 7016475113487123811 на Яндекс Недвижимости;https://realty.yandex.ru/offer/7016475113487123811/;8
31.03.2026 22:24;Продается апартаменты-студию 45 м;45 ;10219000;апартаменты-студия;1;6; Адрес: Москва, Медовый переулок, 12, ; Характеристики, описание и фото объекта id 5228458728272022273 на Яндекс Недвижимости;https://realty.yandex.ru/offer/5228458728272022273/;8
31.03.2026 22:24;Продается апартаменты-студию 83.5 м;83.5 ;24543156;апартаменты-студия;3;10; Адрес: Москва, Михалковская улица, 54, Апарт-комплекс Monodom Lake. ; Характеристики, описание и фото объекта id 6353341246215077949 на Яндекс Недвижимости;https://realty.yandex.ru/offer/6353341246215077949/;8
31.03.2026 22:24;Продается квартира 124 м;124 ;48000000;5-комнатная квартира;8;38; Адрес: Москва, ЮАО, район Чертаново Северное, микрорайон Северное Чертаново, 1А, МФК «Авеню 77». ; Характеристики, описание и фото объекта id 5179235881932704389 на Яндекс Недвижимости;https://realty.yandex.ru/offer/5179235881932704389/;8
31.03.2026 22:24;Продается квартира 84.5 м;84.5 ;25947150;4-комнатная квартира;2;15; Адрес: Москва, район Троицк, ЖК Деснаречье, к4.9, Жилой район «Деснаречье». ; Характеристики, описание и фото объекта id 3221624789160509065 на Яндекс Недвижимости;https://realty.yandex.ru/offer/3221624789160509065/;8
31.03.2026 22:24;Продается двухкомнатная квартира 57.5 м;57.5 ;23506488;2-комнатная квартира;14;17; Адрес: Москва, НАО, район Внуково, микрорайон Переделкино Ближнее, 17-й квартал, Город-парк «Переделкино Ближнее». ; Характеристики, описание и фото объекта id 6988527579950059763 на Яндекс Недвижимости;https://realty.yandex.ru/offer/6988527579950059763/;8
31.03.2026 22:24;Продается квартира 95.3 м;95.3 ;51015748;4-комнатная квартира;24;34; Адрес: Москва, улица Архитектора Власова, 71к1, ЖК Ever. ; Характеристики, описание и фото объекта id 3973833883041864481 на Яндекс Недвижимости;https://realty.yandex.ru/offer/3973833883041864481/;8
31.03.2026 22:24;Продается двухкомнатная квартира 45.6 м;45.6 ;16265520;2-комнатная квартира;20;25; Адрес: Котельники, микрорайон Белая Дача, 30, Кузьминский лес. ; Характеристики, описание и фото объекта id 4017216401881163088 на Яндекс Недвижимости;https://realty.yandex.ru/offer/4017216401881163088/;8
31.03.2026 22:24;Продается квартира 220 м;220 ;130000632;4-комнатная квартира;25;48; Адрес: Москва, Мосфильмовская улица, 70к2, Квартал «Воробьевы Горы». ; Характеристики, описание и фото объекта id 5228459389428064640 на Яндекс Недвижимости;https://realty.yandex.ru/offer/5228459389428064640/;8
31.03.2026 22:24;Продается трехкомнатная квартира 129.7 м;129.7 ;40795920;3-комнатная квартира;1;29; Адрес: Москва, Открытое шоссе, 14Д, ЖК «Талисман на Рокоссовского». ; Характеристики, описание и фото объекта id 5749855533103272535 на Яндекс Недвижимости;https://realty.yandex.ru/offer/5749855533103272535/;8
31.03.2026 22:24;Продается однокомнатная квартира 66.61 м;66.6 ;14606191;1-комнатная квартира;1;4; Адрес: деревня Митькино, жилой комплекс Жаворонки Клаб, ЖК «Жаворонки Клаб». ; Характеристики, описание и фото объекта id 3940007907799836385 на Яндекс Недвижимости;https://realty.yandex.ru/offer/3940007907799836385/;8
31.03.2026 22:24;Продается двухкомнатная квартира 60.01 м;60 ;34025672;2-комнатная квартира;5;5; Адрес: Москва, Верейская улица, 29с32Д, ЖК «СЕТ». ; Характеристики, описание и фото объекта id 2384803881928628641 на Яндекс Недвижимости;https://realty.yandex.ru/offer/2384803881928628641/;8
31.03.2026 22:24;Продается трехкомнатная квартира 133.7 м;133.7 ;125000000;3-комнатная квартира;17;29; Адрес: Москва, Мытная улица, 40к1, ЖК Sky House. ; Характеристики, описание и фото объекта id 7053956938403366995 на Яндекс Недвижимости;https://realty.yandex.ru/offer/7053956938403366995/;8
31.03.2026 22:24;Продается апартаменты-студию 41.5 м;41.5 ;9012000;апартаменты-студия;3;3; Адрес: Москва, Пестовский переулок, 12с1, ; Характеристики, описание и фото объекта id 5227565616455358190 на Яндекс Недвижимости;https://realty.yandex.ru/offer/5227565616455358190/;8
31.03.2026 22:24;Продается трехкомнатная квартира 109.9 м;109.9 ;55169800;3-комнатная квартира;8;32; Адрес: Москва, улица Годовикова, 11к4, ЖК iLove. ; Характеристики, описание и фото объекта id 6541470036869399697 на Яндекс Недвижимости;https://realty.yandex.ru/offer/6541470036869399697/;8
31.03.2026 22:25;Продается квартира 340 м;340 ;490000000;6-комнатная квартира;7;8; Адрес: Москва, Большой Афанасьевский переулок, 28, ЖК «Афанасьевский». ; Характеристики, описание и фото объекта id 4035986349850882810 на Яндекс Недвижимости;https://realty.yandex.ru/offer/4035986349850882810/;8
31.03.2026 22:25;Продается двухкомнатная квартира 48.7 м;48.7 ;18900000;2-комнатная квартира;4;8; Адрес: Москва, Русаковская улица, 3с1, ; Характеристики, описание и фото объекта id 8756510268892356431 на Яндекс Недвижимости;https://realty.yandex.ru/offer/8756510268892356431/;8
31.03.2026 22:25;Продается квартира 105 м;105 ;34500000;4-комнатная квартира;17;23; Адрес: Москва, Волжский бульвар, 11, ; Характеристики, описание и фото объекта id 7053956916128102040 на Яндекс Недвижимости;https://realty.yandex.ru/offer/7053956916128102040/;8
31.03.2026 22:25;Продается трехкомнатная квартира 219 м;219 ;1320000000;3-комнатная квартира;6;7; Адрес: Москва, Малая Бронная улица, 15Б, Дом «Малая Бронная, 15». ; Характеристики, описание и фото объекта id 3938455563544268103 на Яндекс Недвижимости;https://realty.yandex.ru/offer/3938455563544268103/;8
31.03.2026 22:25;Продается апартаменты 237.4 м;237.4 ;593500032;6-комнатные апартаменты;5;5; Адрес: Москва, Долгоруковская улица, 25к2, Клубный дом «Долгоруковская, 25». ; Характеристики, описание и фото объекта id 8298292008952612845 на Яндекс Недвижимости;https://realty.yandex.ru/offer/8298292008952612845/;8
31.03.2026 22:25;Продается трехкомнатная квартира 93.2 м;93.2 ;57598620;3-комнатная квартира;6;35; Адрес: Москва, ЖК Родина Парк, к1, ЖК «Родина Парк». ; Характеристики, описание и фото объекта id 3190558370547187683 на Яндекс Недвижимости;https://realty.yandex.ru/offer/3190558370547187683/;8
31.03.2026 22:25;Продается квартира 170.7 м;170.7 ;51210000;4-комнатная квартира;17;23; Адрес: Москва, 2-й Сетуньский проезд, 13к2, ; Характеристики, описание и фото объекта id 7053956967631018323 на Яндекс Недвижимости;https://realty.yandex.ru/offer/7053956967631018323/;8
31.03.2026 22:25;Продается двухкомнатная квартира 53.3 м;53.3 ;21100000;2-комнатная квартира;18;21; Адрес: Москва, Дмитровское шоссе, 107Ак1, ЖК «Город». ; Характеристики, описание и фото объекта id 7053956940840477414 на Яндекс Недвижимости;https://realty.yandex.ru/offer/7053956940840477414/;8
31.03.2026 22:25;Продается двухкомнатная квартира 61 м;61 ;13000000;2-комнатная квартира;14;17; Адрес: посёлок городского типа Бутово, жилой комплекс Бутово Парк, 18, Микрорайон «Бутово парк». ; Характеристики, описание и фото объекта id 4621212339851924061 на Яндекс Недвижимости;https://realty.yandex.ru/offer/4621212339851924061/;8
31.03.2026 22:25;Продается квартира 207.4 м;207.4 ;326592768;4-комнатная квартира;32;32; Адрес: Москва, Летниковская улица, 11к1, ЖК «ХАЙ ЛАЙФ». ; Характеристики, описание и фото объекта id 7177755299605052700 на Яндекс Недвижимости;https://realty.yandex.ru/offer/7177755299605052700/;8
31.03.2026 22:25;Продается квартира 104 м;104 ;35200000;5-комнатная квартира;7;7; Адрес: Москва, Беговая улица, 32, ; Характеристики, описание и фото объекта id 7053956937513984470 на Яндекс Недвижимости;https://realty.yandex.ru/offer/7053956937513984470/;8
31.03.2026 22:25;Продается двухкомнатная квартира 52.08 м;52.1 ;30935520;2-комнатная квартира;59;59; Адрес: Москва, Верейская улица, 29с32Д, ЖК «СЕТ». ; Характеристики, описание и фото объекта id 392341134516105139 на Яндекс Недвижимости;https://realty.yandex.ru/offer/392341134516105139/;8
31.03.2026 22:25;Продается двухкомнатная квартира 51.79 м;51.8 ;14427658;2-комнатная квартира;5;21; Адрес: Москва, НАО, Филимонковский район, жилой комплекс Цветочные Поляны, к12, ЖК «Цветочные Поляны». ; Характеристики, описание и фото объекта id 3457493027062173126 на Яндекс Недвижимости;https://realty.yandex.ru/offer/3457493027062173126/;8
31.03.2026 22:25;Продается двухкомнатная квартира 72.9 м;72.9 ;9881603;2-комнатная квартира;9;9; Адрес: Москва, НАО, Филимонковский район, деревня Ивановское, улица Семёна Гордого, 3, ЖК «Ново-Никольское». ; Характеристики, описание и фото объекта id 5250711969837662176 на Яндекс Недвижимости;https://realty.yandex.ru/offer/5250711969837662176/;8
31.03.2026 22:25;Продается трехкомнатная квартира 87.7 м;87.7 ;64898000;3-комнатная квартира;18;3; Адрес: Москва, ЗАО, Можайский район, 107-110-й кварталы Кунцева, ЖК Кутузов Сити, ЖК «Кутузов Сити». ; Характеристики, описание и фото объекта id 244099076505246122 на Яндекс Недвижимости;https://realty.yandex.ru/offer/244099076505246122/;8
31.03.2026 22:25;Продается двухкомнатная квартира 55 м;55 ;15600000;2-комнатная квартира;6;17; Адрес: Москва, Привольная улица, 9к3, ; Характеристики, описание и фото объекта id 3938452234512214856 на Яндекс Недвижимости;https://realty.yandex.ru/offer/3938452234512214856/;8
31.03.2026 22:25;Продается квартира 110 м;110 ;77000000;4-комнатная квартира;13;20; Адрес: Москва, Мытная улица, 40к4, ЖК Sky House. ; Характеристики, описание и фото объекта id 1488384301184174592 на Яндекс Недвижимости;https://realty.yandex.ru/offer/1488384301184174592/;8
31.03.2026 22:25;Продается квартира 257.83 м;257.8 ;773489984;4-комнатная квартира;5;7; Адрес: Москва, Крестовоздвиженский переулок, 4, Фамильный дом «Люче». ; Характеристики, описание и фото объекта id 7393875053506859930 на Яндекс Недвижимости;https://realty.yandex.ru/offer/7393875053506859930/;8
31.03.2026 22:26;Продается квартира 167 м;167 ;92000000;4-комнатная квартира;25;30; Адрес: Москва, Нежинская улица, 1к4, ЖК «Кутузовская Ривьера». ; Характеристики, описание и фото объекта id 5228459389428220293 на Яндекс Недвижимости;https://realty.yandex.ru/offer/5228459389428220293/;8
31.03.2026 22:26;Продается квартира 140 м;140 ;76000000;5-комнатная квартира;15;16; Адрес: Москва, Крутицкая набережная, 19, ; Характеристики, описание и фото объекта id 7053956915960732366 на Яндекс Недвижимости;https://realty.yandex.ru/offer/7053956915960732366/;8
31.03.2026 22:26;Продается квартира 154.4 м;154.4 ;207270000;4-комнатная квартира;4;9; Адрес: Москва, ЖК Тишинский Бульвар, к8, Элитный квартал «Тишинский Бульвар». ; Характеристики, описание и фото объекта id 3922755367078398428 на Яндекс Недвижимости;https://realty.yandex.ru/offer/3922755367078398428/;8
31.03.2026 22:26;Продается квартира-студию 28 м;28 ;7500000;квартира-студия;10;17; Адрес: Люберцы, микрорайон Зенино ЖК Самолёт, Вертолётная улица, 4к1, ЖК «Люберцы 2015». ; Характеристики, описание и фото объекта id 5180127926973702188 на Яндекс Недвижимости;https://realty.yandex.ru/offer/5180127926973702188/;8
31.03.2026 22:26;Продается трехкомнатная квартира 73 м;73 ;62900000;3-комнатная квартира;4;8; Адрес: Москва, Никитский бульвар, 17, ; Характеристики, описание и фото объекта id 3938452234512217796 на Яндекс Недвижимости;https://realty.yandex.ru/offer/3938452234512217796/;8
31.03.2026 22:26;Продается квартира 372 м;372 ;139000000;5-комнатная квартира;28;30; Адрес: Москва, Ленинский проспект, 116к1, Квартал на Ленинском. ; Характеристики, описание и фото объекта id 5228459389428244250 на Яндекс Недвижимости;https://realty.yandex.ru/offer/5228459389428244250/;8
31.03.2026 22:26;Продается апартаменты 353 м;353 ;285000000;5-комнатные апартаменты;82;95; Адрес: Москва, Пресненская набережная, 12, МФК «Башня Федерация». ; Характеристики, описание и фото объекта id 3938452234512394530 на Яндекс Недвижимости;https://realty.yandex.ru/offer/3938452234512394530/;8
31.03.2026 22:26;Продается однокомнатная квартира 34.7 м;34.7 ;11600000;1-комнатная квартира;25;25; Адрес: посёлок Коммунарка, Фитарёвская улица, 19, ЖК «Garden Park Эдальго». ; Характеристики, описание и фото объекта id 2682027781725486060 на Яндекс Недвижимости;https://realty.yandex.ru/offer/2682027781725486060/;8
31.03.2026 22:26;Продается трехкомнатная квартира 62 м;62 ;5700000;3-комнатная квартира;6;12; Адрес: Москва, улица Ивана Франко, 40к1, ; Характеристики, описание и фото объекта id 7053956916041227642 на Яндекс Недвижимости;https://realty.yandex.ru/offer/7053956916041227642/;8
31.03.2026 22:26;Продается апартаменты-студию 22.6 м;22.6 ;5690000;апартаменты-студия;3;5; Адрес: Москва, 14-я Парковая улица, 8, ; Характеристики, описание и фото объекта id 4263223584747926146 на Яндекс Недвижимости;https://realty.yandex.ru/offer/4263223584747926146/;8
31.03.2026 22:26;Продается 3-комнатные апартаменты 80 м;80 ;33000000;3-комнатные апартаменты;10;25; Адрес: Москва, Волоколамское шоссе, 81/2с1, Апарт-комплекс «Левел Стрешнево». ; Характеристики, описание и фото объекта id 7567888441305038016 на Яндекс Недвижимости;https://realty.yandex.ru/offer/7567888441305038016/;8
31.03.2026 22:26;Продается трехкомнатная квартира 87.5 м;87.5 ;54556248;3-комнатная квартира;9;25; Адрес: Москва, Старый Петровско-Разумовский проезд, 1, ЖК «Петровский парк II». ; Характеристики, описание и фото объекта id 4246802942874813145 на Яндекс Недвижимости;https://realty.yandex.ru/offer/4246802942874813145/;8
31.03.2026 22:26;Продается трехкомнатная квартира 64.4 м;64.4 ;22300000;3-комнатная квартира;6;16; Адрес: Москва, улица Народного Ополчения, 22к2, ; Характеристики, описание и фото объекта id 5316974692150949546 на Яндекс Недвижимости;https://realty.yandex.ru/offer/5316974692150949546/;8
31.03.2026 22:26;Продается квартира 144.9 м;144.9 ;82000000;4-комнатная квартира;15;20; Адрес: Москва, САО, район Левобережный, жилой комплекс Акватория, В3, ЖК Aquatoria. ; Характеристики, описание и фото объекта id 5204612745952811227 на Яндекс Недвижимости;https://realty.yandex.ru/offer/5204612745952811227/;8
31.03.2026 22:26;Продается трехкомнатная квартира 66.8 м;66.8 ;27498000;3-комнатная квартира;5;9; Адрес: Москва, Звенигородское шоссе, 3Ас1, ; Характеристики, описание и фото объекта id 8596275682292809079 на Яндекс Недвижимости;https://realty.yandex.ru/offer/8596275682292809079/;8
31.03.2026 22:26;Продается квартира 155.6 м;155.6 ;69800000;4-комнатная квартира;9;18; Адрес: Москва, Мичуринский проспект, 19к3, ; Характеристики, описание и фото объекта id 5246375734810659145 на Яндекс Недвижимости;https://realty.yandex.ru/offer/5246375734810659145/;8
31.03.2026 22:26;Продается апартаменты 123.3 м;123.3 ;42538500;4-комнатные апартаменты;21;29; Адрес: Москва, улица Ивана Франко, 6, ЖК MAINSTREET. ; Характеристики, описание и фото объекта id 7040873763843459684 на Яндекс Недвижимости;https://realty.yandex.ru/offer/7040873763843459684/;8
31.03.2026 22:27;Продается квартира 130 м;130 ;65000000;4-комнатная квартира;14;22; Адрес: Москва, улица Трофимова, 10, ; Характеристики, описание и фото объекта id 3938455563545935532 на Яндекс Недвижимости;https://realty.yandex.ru/offer/3938455563545935532/;8
31.03.2026 22:27;Продается однокомнатная квартира 60.4 м;60.4 ;82471168;1-комнатная квартира;11;18; Адрес: Москва, Кутузовский проспект, 12с3, ЖК «Бадаевский». ; Характеристики, описание и фото объекта id 7432291963794229043 на Яндекс Недвижимости;https://realty.yandex.ru/offer/7432291963794229043/;8
31.03.2026 22:27;Продается 2-комнатные апартаменты 59.79 м;59.8 ;17281462;2-комнатные апартаменты;26;30; Адрес: Красногорск, жилой комплекс Спутник, 19, ЖК «Скай Спутник». ; Характеристики, описание и фото объекта id 2476676102370036897 на Яндекс Недвижимости;https://realty.yandex.ru/offer/2476676102370036897/;8
31.03.2026 22:27;Продается однокомнатная квартира 43 м;43 ;23400000;1-комнатная квартира;10;21; Адрес: Москва, проезд Невельского, 3к2, Квартал «СИМВОЛ». ; Характеристики, описание и фото объекта id 5180127926973700301 на Яндекс Недвижимости;https://realty.yandex.ru/offer/5180127926973700301/;8
31.03.2026 22:27;Продается двухкомнатная квартира 61.8 м;61.8 ;38662080;2-комнатная квартира;25;38; Адрес: Москва, ЗАО, район Раменки, квартал Кинематографический, жилой комплекс Событие, ЖК Событие-6, ЖК «Событие». ; Характеристики, описание и фото объекта id 4311418805734210862 на Яндекс Недвижимости;https://realty.yandex.ru/offer/4311418805734210862/;8
31.03.2026 22:27;Продается двухкомнатная квартира 55.47 м;55.5 ;26681070;2-комнатная квартира;30;51; Адрес: Москва, ЖК Ультима Сити, ЖК «УЛЬТИМА Сити». ; Характеристики, описание и фото объекта id 4622400413218422209 на Яндекс Недвижимости;https://realty.yandex.ru/offer/4622400413218422209/;8
31.03.2026 22:27;Продается трехкомнатная квартира 82 м;82 ;57990000;3-комнатная квартира;6;22; Адрес: Москва, Покровская набережная, 16, ЖК «Клубный город на реке Примавера». ; Характеристики, описание и фото объекта id 8596275681143230027 на Яндекс Недвижимости;https://realty.yandex.ru/offer/8596275681143230027/;8
31.03.2026 22:27;Продается трехкомнатная квартира 99.8 м;99.8 ;48348384;3-комнатная квартира;24;28; Адрес: Москва, ЖК Инноватор, кА, ЖК «Инноватор». ; Характеристики, описание и фото объекта id 4500373298238976632 на Яндекс Недвижимости;https://realty.yandex.ru/offer/4500373298238976632/;8
31.03.2026 22:27;Продается трехкомнатная квартира 67.1 м;67.1 ;36509112;3-комнатная квартира;27;28; Адрес: Москва, ЖК Твелв, 3, ЖК Twelve. ; Характеристики, описание и фото объекта id 5667245459800909673 на Яндекс Недвижимости;https://realty.yandex.ru/offer/5667245459800909673/;8
31.03.2026 22:27;Продается двухкомнатная квартира 64.7 м;64.7 ;30500000;2-комнатная квартира;6;6; Адрес: Москва, Киевская улица, 24, ; Характеристики, описание и фото объекта id 9137391802355363034 на Яндекс Недвижимости;https://realty.yandex.ru/offer/9137391802355363034/;8
31.03.2026 22:27;Продается однокомнатная квартира 38.1 м;38.1 ;22620770;1-комнатная квартира;9;43; Адрес: Москва, ЖК Зиларт, 21/22, ЖК «ЗИЛАРТ». ; Характеристики, описание и фото объекта id 3938451244121830795 на Яндекс Недвижимости;https://realty.yandex.ru/offer/3938451244121830795/;8
31.03.2026 22:27;Продается трехкомнатная квартира 218.1 м;218.1 ;500000000;3-комнатная квартира;6;8; Адрес: Москва, Хилков переулок, 1, ЖК «Остоженка Парк-Палас». ; Характеристики, описание и фото объекта id 3921359151224111617 на Яндекс Недвижимости;https://realty.yandex.ru/offer/3921359151224111617/;8
31.03.2026 22:27;Продается двухкомнатная квартира 69.6 м;69.6 ;31844644;2-комнатная квартира;2;8; Адрес: Москва, САО, район Западное Дегунино, ЖК Дмитровское Небо, ЖК «Дмитровское небо». ; Характеристики, описание и фото объекта id 3986707791478071018 на Яндекс Недвижимости;https://realty.yandex.ru/offer/3986707791478071018/;8
31.03.2026 22:27;Продается квартира 122 м;122 ;55000000;4-комнатная квартира;30;44; Адрес: Москва, Хорошёвское шоссе, 16к1, Дом на Беговой. ; Характеристики, описание и фото объекта id 4805508911737788166 на Яндекс Недвижимости;https://realty.yandex.ru/offer/4805508911737788166/;8
31.03.2026 22:27;Продается двухкомнатная квартира 131.3 м;131.3 ;256035008;2-комнатная квартира;3;9; Адрес: Москва, ЦАО, Мещанский район, Резиденции Фантом, ЖК «ФАНТОМ». ; Характеристики, описание и фото объекта id 3842929020994079412 на Яндекс Недвижимости;https://realty.yandex.ru/offer/3842929020994079412/;8
31.03.2026 22:27;Продается трехкомнатная квартира 82.42 м;82.4 ;39477120;3-комнатная квартира;42;59; Адрес: Москва, Верейская улица, 29с32Д, ЖК «СЕТ». ; Характеристики, описание и фото объекта id 7271256929956050418 на Яндекс Недвижимости;https://realty.yandex.ru/offer/7271256929956050418/;8
31.03.2026 22:27;Продается апартаменты-студию 26.7 м;26.7 ;9921398;апартаменты-студия;19;21; Адрес: Москва, Автомобильный проезд, 4, Апарт-комплекс N’ICE LOFT. ; Характеристики, описание и фото объекта id 3170940171873572608 на Яндекс Недвижимости;https://realty.yandex.ru/offer/3170940171873572608/;8
31.03.2026 22:27;Продается квартира 237 м;237 ;104000000;6-комнатная квартира;6;22; Адрес: Москва, проспект Вернадского, 92к1, ЖК «Корона Эйр». ; Характеристики, описание и фото объекта id 5228459389428244283 на Яндекс Недвижимости;https://realty.yandex.ru/offer/5228459389428244283/;8
31.03.2026 22:28;Продается 3-комнатные апартаменты 61.6 м;61.6 ;29654240;3-комнатные апартаменты;23;28; Адрес: Москва, ЖК Эмоушен, Эмоушн. ; Характеристики, описание и фото объекта id 6202339440268622922 на Яндекс Недвижимости;https://realty.yandex.ru/offer/6202339440268622922/;8
31.03.2026 22:28;Продается трехкомнатная квартира 105.1 м;105.1 ;56228500;3-комнатная квартира;4;25; Адрес: Москва, проспект Вернадского, 80, Клубный дом Full House. ; Характеристики, описание и фото объекта id 499223703767523338 на Яндекс Недвижимости;https://realty.yandex.ru/offer/499223703767523338/;8
31.03.2026 22:28;Продается двухкомнатная квартира 63.3 м;63.3 ;24300000;2-комнатная квартира;2;7; Адрес: Москва, проспект Мира, 102к2, Квартал «Парк Мира». ; Характеристики, описание и фото объекта id 8756510246962425899 на Яндекс Недвижимости;https://realty.yandex.ru/offer/8756510246962425899/;8
31.03.2026 22:28;Продается трехкомнатная квартира 91.9 м;91.9 ;48117920;3-комнатная квартира;27;49; Адрес: Москва, 2-я Хуторская улица, 34, ЖК «Симфония 34». ; Характеристики, описание и фото объекта id 1892869960470874894 на Яндекс Недвижимости;https://realty.yandex.ru/offer/1892869960470874894/;8
31.03.2026 22:28;Продается 2-комнатные апартаменты 65.3 м;65.3 ;51809020;2-комнатные апартаменты;15;19; Адрес: Москва, проспект Академика Сахарова, 7, ЖК RED7. ; Характеристики, описание и фото объекта id 7035929554499435312 на Яндекс Недвижимости;https://realty.yandex.ru/offer/7035929554499435312/;8
31.03.2026 22:28;Продается 2-комнатные апартаменты 41 м;41 ;9590000;2-комнатные апартаменты;3;12; Адрес: посёлок городского типа Новоивановское, Овражная улица, 47А, ЖК Sky Skolkovo. ; Характеристики, описание и фото объекта id 9137391780882463881 на Яндекс Недвижимости;https://realty.yandex.ru/offer/9137391780882463881/;8
31.03.2026 22:28;Продается квартира 99.6 м;99.6 ;61219140;4-комнатная квартира;17;19; Адрес: Москва, улица Миклухо-Маклая, вл23, Жилой квартал ВЭРИ на Миклухо-Маклая. ; Характеристики, описание и фото объекта id 5021075978508475004 на Яндекс Недвижимости;https://realty.yandex.ru/offer/5021075978508475004/;8
31.03.2026 22:28;Продается апартаменты-студию 18 м;18 ;6800000;апартаменты-студия;6;6; Адрес: Москва, 2-й Амбулаторный проезд, 8с3, ; Характеристики, описание и фото объекта id 4621217483028192998 на Яндекс Недвижимости;https://realty.yandex.ru/offer/4621217483028192998/;8
31.03.2026 22:28;Продается трехкомнатная квартира 124 м;124 ;275000000;3-комнатная квартира;8;10; Адрес: Москва, Звонарский переулок, 3, Клубный дом «Zvonarsky Delux». ; Характеристики, описание и фото объекта id 5228459389428126079 на Яндекс Недвижимости;https://realty.yandex.ru/offer/5228459389428126079/;8
31.03.2026 22:28;Продается двухкомнатная квартира 62.7 м;62.7 ;27964200;2-комнатная квартира;3;33; Адрес: Москва, 2-й Нагатинский проезд, 2/3, Второй Нагатинский. ; Характеристики, описание и фото объекта id 4017216401821216041 на Яндекс Недвижимости;https://realty.yandex.ru/offer/4017216401821216041/;8
31.03.2026 22:28;Продается трехкомнатная квартира 84.39 м;84.4 ;35215948;3-комнатная квартира;30;35; Адрес: Москва, ЗАО, Можайский район, 59-й квартал Кунцева, ЖК «УНО Горбунова». ; Характеристики, описание и фото объекта id 5313253736794916915 на Яндекс Недвижимости;https://realty.yandex.ru/offer/5313253736794916915/;8
31.03.2026 22:28;Продается однокомнатная квартира 41.5 м;41.5 ;30710000;1-комнатная квартира;20;30; Адрес: Москва, жилой комплекс Моментс, к2.1, ЖК «МОМЕНТС». ; Характеристики, описание и фото объекта id 3940749867776569212 на Яндекс Недвижимости;https://realty.yandex.ru/offer/3940749867776569212/;8
31.03.2026 22:28;Продается 2-комнатные апартаменты 48.7 м;48.7 ;16544120;2-комнатные апартаменты;6;29; Адрес: Москва, улица Намёткина, вл10, НАМЕТКИН ТАУЭР. ; Характеристики, описание и фото объекта id 6171326615442534359 на Яндекс Недвижимости;https://realty.yandex.ru/offer/6171326615442534359/;8
31.03.2026 22:28;Продается трехкомнатная квартира 73.2 м;73.2 ;55000000;3-комнатная квартира;4;5; Адрес: Москва, Пуговишников переулок, 8, ; Характеристики, описание и фото объекта id 4035986349848916478 на Яндекс Недвижимости;https://realty.yandex.ru/offer/4035986349848916478/;8
31.03.2026 22:28;Продается квартира 66.6 м;66.6 ;17033616;4-комнатная квартира;3;10; Адрес: Москва, НАО, район Внуково, жилой комплекс Родные Кварталы, 1.2, ЖК «Родные кварталы». ; Характеристики, описание и фото объекта id 3221624790082094828 на Яндекс Недвижимости;https://realty.yandex.ru/offer/3221624790082094828/;8
31.03.2026 22:28;Продается трехкомнатная квартира 157 м;157 ;89000000;3-комнатная квартира;4;5; Адрес: Москва, Столярный переулок, 3к34, ЖК «Рассвет Loft studio». ; Характеристики, описание и фото объекта id 5179313443541922755 на Яндекс Недвижимости;https://realty.yandex.ru/offer/5179313443541922755/;8
31.03.2026 22:28;Продается трехкомнатная квартира 91.9 м;91.9 ;69610000;3-комнатная квартира;13;14; Адрес: Москва, ЗАО, район Раменки, жилой комплекс Вест Гарден, к7, Cобрание клубных домов West Garden. ; Характеристики, описание и фото объекта id 3922755366910496329 на Яндекс Недвижимости;https://realty.yandex.ru/offer/3922755366910496329/;8
31.03.2026 22:28;Продается двухкомнатная квартира 62.8 м;62.8 ;22953400;2-комнатная квартира;9;23; Адрес: Москва, жилой комплекс Кавказский Бульвар 51, Кавказский бульвар 51. ; Характеристики, описание и фото объекта id 4017216401823096807 на Яндекс Недвижимости;https://realty.yandex.ru/offer/4017216401823096807/;8
31.03.2026 22:28;Продается квартира-студию 26.8 м;26.8 ;13990000;квартира-студия;4;30; Адрес: Москва, Волгоградский проспект, 32/3к6, ЖК «Метрополия». ; Характеристики, описание и фото объекта id 5180127926973725439 на Яндекс Недвижимости;https://realty.yandex.ru/offer/5180127926973725439/;8
31.03.2026 22:29;Продается трехкомнатная квартира 80.8 м;80.8 ;59792000;3-комнатная квартира;8;34; Адрес: Москва, улица Демьяна Бедного, вл24, ЖК «Высотка на Жукова». ; Характеристики, описание и фото объекта id 1694903191200090386 на Яндекс Недвижимости;https://realty.yandex.ru/offer/1694903191200090386/;8
31.03.2026 22:29;Продается однокомнатная квартира 38 м;38 ;26575680;1-комнатная квартира;13;54; Адрес: Москва, 2-я Хуторская улица, 34, ЖК «Симфония 34». ; Характеристики, описание и фото объекта id 6446843722422943011 на Яндекс Недвижимости;https://realty.yandex.ru/offer/6446843722422943011/;8
31.03.2026 22:29;Продается однокомнатная квартира 37.3 м;37.3 ;16933528;1-комнатная квартира;15;24; Адрес: Москва, ЖК Лучи, 2-й этап, к8, ЖК «ЛУЧИ». ; Характеристики, описание и фото объекта id 3938451244122041162 на Яндекс Недвижимости;https://realty.yandex.ru/offer/3938451244122041162/;8
31.03.2026 22:29;Продается трехкомнатная квартира 110 м;110 ;196060000;3-комнатная квартира;21;23; Адрес: Москва, жилой комплекс Лайф Тайм, Квартал Life Time. ; Характеристики, описание и фото объекта id 3922755367734187712 на Яндекс Недвижимости;https://realty.yandex.ru/offer/3922755367734187712/;8
31.03.2026 22:29;Продается двухкомнатная квартира 38 м;38 ;15200000;2-комнатная квартира;1;15; Адрес: Москва, улица Пырьева, 12, ; Характеристики, описание и фото объекта id 7053956937458569523 на Яндекс Недвижимости;https://realty.yandex.ru/offer/7053956937458569523/;8
31.03.2026 22:29;Продается апартаменты 135 м;135 ;150000000;4-комнатные апартаменты;12;19; Адрес: Москва, Ленинский проспект, 38Ак3, Апарт-комплекс «Ленинский 38». ; Характеристики, описание и фото объекта id 3938455563544299696 на Яндекс Недвижимости;https://realty.yandex.ru/offer/3938455563544299696/;8
31.03.2026 22:29;Продается двухкомнатная квартира 60.2 м;60.2 ;28396340;2-комнатная квартира;4;12; Адрес: Москва, ЖК Кронштадтский 9, 11.2, Кронштадтский 9. ; Характеристики, описание и фото объекта id 4017216401821215885 на Яндекс Недвижимости;https://realty.yandex.ru/offer/4017216401821215885/;8
31.03.2026 22:29;Продается однокомнатная квартира 36.5 м;36.5 ;14500000;1-комнатная квартира;18;25; Адрес: Москва, ЮАО, район Чертаново Северное, микрорайон Северное Чертаново, 5кБ, ; Характеристики, описание и фото объекта id 3938452234512209090 на Яндекс Недвижимости;https://realty.yandex.ru/offer/3938452234512209090/;8
31.03.2026 22:29;Продается двухкомнатная квартира 41.7 м;41.7 ;32334992;2-комнатная квартира;28;45; Адрес: Москва, Дубининская улица, 69с2, ЖК Левел Павелецкая Сити. ; Характеристики, описание и фото объекта id 4780967831783585428 на Яндекс Недвижимости;https://realty.yandex.ru/offer/4780967831783585428/;8
31.03.2026 22:29;Продается двухкомнатная квартира 48.9 м;48.9 ;35350112;2-комнатная квартира;29;35; Адрес: Москва, ЖК Родина Парк, к1, ЖК «Родина Парк». ; Характеристики, описание и фото объекта id 3190558370547190503 на Яндекс Недвижимости;https://realty.yandex.ru/offer/3190558370547190503/;8
31.03.2026 22:29;Продается трехкомнатная квартира 80 м;80 ;53000000;3-комнатная квартира;5;8; Адрес: Москва, улица Хамовнический Вал, 18, ; Характеристики, описание и фото объекта id 3961344737879113083 на Яндекс Недвижимости;https://realty.yandex.ru/offer/3961344737879113083/;8
31.03.2026 22:29;Продается трехкомнатная квартира 106 м;106 ;37000000;3-комнатная квартира;12;17; Адрес: Москва, ЗАО, район Солнцево, улица Татьянин Парк, 15к2, ЖК «Татьянин Парк». ; Характеристики, описание и фото объекта id 5180127926972746205 на Яндекс Недвижимости;https://realty.yandex.ru/offer/5180127926972746205/;8
31.03.2026 22:29;Продается однокомнатная квартира 32.3 м;32.3 ;29097908;1-комнатная квартира;30;36; Адрес: Москва, 2-я Хуторская улица, 34, ЖК «Симфония 34». ; Характеристики, описание и фото объекта id 734409326392309128 на Яндекс Недвижимости;https://realty.yandex.ru/offer/734409326392309128/;8
31.03.2026 22:29;Продается двухкомнатная квартира 39.2 м;39.2 ;14990000;2-комнатная квартира;7;14; Адрес: Москва, улица 800-летия Москвы, 11к5, ; Характеристики, описание и фото объекта id 7053956939296264867 на Яндекс Недвижимости;https://realty.yandex.ru/offer/7053956939296264867/;8
31.03.2026 22:29;Продается трехкомнатная квартира 81.3 м;81.3 ;22500000;3-комнатная квартира;16;17; Адрес: посёлок городского типа Новоивановское, Можайское шоссе, 50, ЖК Западные Ворота Столицы. ; Характеристики, описание и фото объекта id 7939883031622784119 на Яндекс Недвижимости;https://realty.yandex.ru/offer/7939883031622784119/;8
31.03.2026 22:29;Продается трехкомнатная квартира 116 м;116 ;50000000;3-комнатная квартира;18;19; Адрес: Москва, 3-й Крутицкий переулок, 11, ; Характеристики, описание и фото объекта id 4805508911738685739 на Яндекс Недвижимости;https://realty.yandex.ru/offer/4805508911738685739/;8
31.03.2026 22:29;Продается апартаменты 840 м;840 ;600000000;10-комнатные апартаменты;3;3; Адрес: Москва, Таманская улица, 3с16, МФК «Берег столицы». ; Характеристики, описание и фото объекта id 4035986349848969358 на Яндекс Недвижимости;https://realty.yandex.ru/offer/4035986349848969358/;8
31.03.2026 22:29;Продается трехкомнатная квартира 117 м;117 ;71000000;3-комнатная квартира;7;21; Адрес: Москва, улица Шаболовка, 23, ЖК «Созвездие Капитал-1». ; Характеристики, описание и фото объекта id 3938452069382160626 на Яндекс Недвижимости;https://realty.yandex.ru/offer/3938452069382160626/;8
31.03.2026 22:30;Продается квартира 178.7 м;178.7 ;249109520;4-комнатная квартира;11;18; Адрес: Москва, жилой комплекс Бадаевский, ЖК «Бадаевский». ; Характеристики, описание и фото объекта id 4712339915856851405 на Яндекс Недвижимости;https://realty.yandex.ru/offer/4712339915856851405/;8
31.03.2026 22:30;Продается трехкомнатная квартира 158.1 м;158.1 ;555089984;3-комнатная квартира;6;8; Адрес: Москва, Большой Толмачёвский переулок, 5с1, Дом «Лаврушинский». ; Характеристики, описание и фото объекта id 3922755367052541761 на Яндекс Недвижимости;https://realty.yandex.ru/offer/3922755367052541761/;8
31.03.2026 22:30;Продается двухкомнатная квартира 69 м;69 ;37949000;2-комнатная квартира;3;10; Адрес: Москва, Народная улица, 15/1, ; Характеристики, описание и фото объекта id 4621346244721855992 на Яндекс Недвижимости;https://realty.yandex.ru/offer/4621346244721855992/;8
31.03.2026 22:30;Продается трехкомнатная квартира 121.7 м;121.7 ;62000000;3-комнатная квартира;3;18; Адрес: Москва, Шмитовский проезд, 20, Дом на Пресне. ; Характеристики, описание и фото объекта id 3938452234512362849 на Яндекс Недвижимости;https://realty.yandex.ru/offer/3938452234512362849/;8
31.03.2026 22:30;Продается трехкомнатная квартира 79.65 м;79.7 ;39335152;3-комнатная квартира;35;25; Адрес: Москва, жилой комплекс Веер, ЖК «Веер». ; Характеристики, описание и фото объекта id 698663978149424560 на Яндекс Недвижимости;https://realty.yandex.ru/offer/698663978149424560/;8
31.03.2026 22:30;Продается двухкомнатная квартира 76.8 м;76.8 ;99379200;2-комнатная квартира;10;26; Адрес: Москва, ЖК Начало, ЖК «Начало». ; Характеристики, описание и фото объекта id 7036087342865283523 на Яндекс Недвижимости;https://realty.yandex.ru/offer/7036087342865283523/;8
31.03.2026 22:30;Продается двухкомнатная квартира 54 м;54 ;37000000;2-комнатная квартира;2;15; Адрес: Москва, Корабельная улица, 17к3, Квартал «Ривер Парк Коломенское». ; Характеристики, описание и фото объекта id 5180127926972954686 на Яндекс Недвижимости;https://realty.yandex.ru/offer/5180127926972954686/;8
31.03.2026 22:30;Продается трехкомнатная квартира 179.9 м;179.9 ;503720000;3-комнатная квартира;3;6; Адрес: Москва, Старопанский переулок, 1/5с2, ЖК «Николь». ; Характеристики, описание и фото объекта id 8063799627273400806 на Яндекс Недвижимости;https://realty.yandex.ru/offer/8063799627273400806/;8
31.03.2026 22:30;Продается апартаменты-студию 21 м;21 ;5490000;апартаменты-студия;3;5; Адрес: Москва, Автомоторная улица, 4Ас21, ; Характеристики, описание и фото объекта id 7053956915961864450 на Яндекс Недвижимости;https://realty.yandex.ru/offer/7053956915961864450/;8
31.03.2026 22:30;Продается трехкомнатная квартира 81.31 м;81.3 ;19353826;3-комнатная квартира;11;28; Адрес: Красногорск, микрорайон Павшино, ЖК Тетрис, к6, Квартал «Тетрис». ; Характеристики, описание и фото объекта id 6991011196781858380 на Яндекс Недвижимости;https://realty.yandex.ru/offer/6991011196781858380/;8
31.03.2026 22:30;Продается трехкомнатная квартира 54.89 м;54.9 ;16268603;3-комнатная квартира;2;23; Адрес: Красногорск, жилой комплекс Ильинойс, ЖК «Ильинойс». ; Характеристики, описание и фото объекта id 5226951667116000877 на Яндекс Недвижимости;https://realty.yandex.ru/offer/5226951667116000877/;8
31.03.2026 22:30;Продается 1-комнатные апартаменты 37 м;37 ;11350000;1-комнатные апартаменты;2;30; Адрес: Москва, улица Намёткина, 10Д, Апарт-отель AIST RESIDENCE. ; Характеристики, описание и фото объекта id 5583053175280978897 на Яндекс Недвижимости;https://realty.yandex.ru/offer/5583053175280978897/;8
31.03.2026 22:30;Продается трехкомнатная квартира 156.2 м;156.2 ;210000000;3-комнатная квартира;2;6; Адрес: Москва, улица Большая Полянка, 9с1, ЖК Cloud Nine. ; Характеристики, описание и фото объекта id 5179313443541927623 на Яндекс Недвижимости;https://realty.yandex.ru/offer/5179313443541927623/;8
31.03.2026 22:30;Продается квартира 107.2 м;107.2 ;53707200;4-комнатная квартира;19;21; Адрес: Москва, 8-я улица Соколиной Горы, 26А, ЖК «УНО Соколиная Гора». ; Характеристики, описание и фото объекта id 4284647022729725912 на Яндекс Недвижимости;https://realty.yandex.ru/offer/4284647022729725912/;8
31.03.2026 22:30;Продается однокомнатная квартира 38.65 м;38.7 ;22262400;1-комнатная квартира;2;25; Адрес: Москва, ЮАО, район Москворечье-Сабурово, ЖК Лайф Варшавская, Жилой квартал «Лайф Варшавская». ; Характеристики, описание и фото объекта id 1465348049005036414 на Яндекс Недвижимости;https://realty.yandex.ru/offer/1465348049005036414/;8
31.03.2026 22:30;Продается квартира 210.6 м;210.6 ;165000000;4-комнатная квартира;2;9; Адрес: Москва, Поварская улица, 28с2, ; Характеристики, описание и фото объекта id 4035986349851681332 на Яндекс Недвижимости;https://realty.yandex.ru/offer/4035986349851681332/;8
31.03.2026 22:30;Продается 1-комнатные апартаменты 16 м;16 ;8700000;1-комнатные апартаменты;4;8; Адрес: Москва, Нижняя Сыромятническая улица, 5с3А, ; Характеристики, описание и фото объекта id 3938452234512268609 на Яндекс Недвижимости;https://realty.yandex.ru/offer/3938452234512268609/;8
31.03.2026 22:30;Продается 2-комнатные апартаменты 61.5 м;61.5 ;15811650;2-комнатные апартаменты;7;20; Адрес: Москва, Долгопрудненское шоссе, 3А, ФизтехСити. ; Характеристики, описание и фото объекта id 6277030519089360604 на Яндекс Недвижимости;https://realty.yandex.ru/offer/6277030519089360604/;8
31.03.2026 22:31;Продается трехкомнатная квартира 72.7 м;72.7 ;18473070;3-комнатная квартира;19;24; Адрес: Москва, Муравская улица, 44к2, Митинский лес. ; Характеристики, описание и фото объекта id 4017216401849041888 на Яндекс Недвижимости;https://realty.yandex.ru/offer/4017216401849041888/;8
31.03.2026 22:31;Продается квартира 434.4 м;434.4 ;775175936;6-комнатная квартира;21;13; Адрес: Москва, улица Костикова, 4к5, Квартал «Лаки». ; Характеристики, описание и фото объекта id 6252445938571118210 на Яндекс Недвижимости;https://realty.yandex.ru/offer/6252445938571118210/;8
31.03.2026 22:31;Продается двухкомнатная квартира 53.9 м;53.9 ;26400750;2-комнатная квартира;2;16; Адрес: Москва, улица Матросская Тишина, 12, ЖК «Ренессанс». ; Характеристики, описание и фото объекта id 3962250287945324749 на Яндекс Недвижимости;https://realty.yandex.ru/offer/3962250287945324749/;8
31.03.2026 22:31;Продается двухкомнатная квартира 77.6 м;77.6 ;25016036;2-комнатная квартира;11;23; Адрес: Москва, НАО, район Внуково, жилой комплекс Городские Истории, ЖК «Городские истории». ; Характеристики, описание и фото объекта id 3959576584762440708 на Яндекс Недвижимости;https://realty.yandex.ru/offer/3959576584762440708/;8
31.03.2026 22:31;Продается однокомнатная квартира 43.9 м;43.9 ;14111918;1-комнатная квартира;15;15; Адрес: Москва, НАО, район Щербинка, улица Уточкина, 2к1, ЖК «Алхимово». ; Характеристики, описание и фото объекта id 3456954115282902404 на Яндекс Недвижимости;https://realty.yandex.ru/offer/3456954115282902404/;8
31.03.2026 22:31;Продается однокомнатная квартира 37.6 м;37.6 ;27019774;1-комнатная квартира;7;43; Адрес: Москва, 2-я Хуторская улица, 34, ЖК «Симфония 34». ; Характеристики, описание и фото объекта id 5068287608397526815 на Яндекс Недвижимости;https://realty.yandex.ru/offer/5068287608397526815/;8
31.03.2026 22:31;Продается двухкомнатная квартира 46 м;46 ;15500000;2-комнатная квартира;9;12; Адрес: Москва, Дегунинская улица, 13к2, ; Характеристики, описание и фото объекта id 7053956915247837486 на Яндекс Недвижимости;https://realty.yandex.ru/offer/7053956915247837486/;8
31.03.2026 22:31;Продается квартира 85 м;85 ;47000000;4-комнатная квартира;16;41; Адрес: Москва, Шелепихинская набережная, 34к5, Квартал «Сердце Столицы». ; Характеристики, описание и фото объекта id 4728441677484013297 на Яндекс Недвижимости;https://realty.yandex.ru/offer/4728441677484013297/;8
31.03.2026 22:31;Продается трехкомнатная квартира 79.9 м;79.9 ;34996200;3-комнатная квартира;16;26; Адрес: Москва, 1-й Кирпичный переулок, 15А, ЖК «Семеновский Парк 2». ; Характеристики, описание и фото объекта id 5808645355580499203 на Яндекс Недвижимости;https://realty.yandex.ru/offer/5808645355580499203/;8
31.03.2026 22:31;Продается однокомнатная квартира 30.4 м;30.4 ;25000000;1-комнатная квартира;2;7; Адрес: Москва, Смоленский бульвар, 7, ; Характеристики, описание и фото объекта id 4621218170899946143 на Яндекс Недвижимости;https://realty.yandex.ru/offer/4621218170899946143/;8
31.03.2026 22:31;Продается двухкомнатная квартира 61.4 м;61.4 ;34600000;2-комнатная квартира;10;29; Адрес: Москва, ЖК Юту, ЖК ЮТУ. ; Характеристики, описание и фото объекта id 2865359292062315099 на Яндекс Недвижимости;https://realty.yandex.ru/offer/2865359292062315099/;8
31.03.2026 22:31;Продается двухкомнатная квартира 43 м;43 ;15550000;2-комнатная квартира;3;9; Адрес: Москва, Нижегородская улица, 49А, ; Характеристики, описание и фото объекта id 4199159748177362322 на Яндекс Недвижимости;https://realty.yandex.ru/offer/4199159748177362322/;8
31.03.2026 22:31;Продается квартира 124.5 м;124.5 ;338577760;4-комнатная квартира;3;7; Адрес: Москва, ЦАО, Пресненский район, Клубный жилой комплекс «Дом Спорта». ; Характеристики, описание и фото объекта id 7295926855668816947 на Яндекс Недвижимости;https://realty.yandex.ru/offer/7295926855668816947/;8
31.03.2026 22:31;Продается 2-комнатные апартаменты 84.6 м;84.6 ;26818200;2-комнатные апартаменты;9;14; Адрес: Москва, Новоясеневский проспект, 3В, Апарт-комплекс LES. ; Характеристики, описание и фото объекта id 8620691376590035656 на Яндекс Недвижимости;https://realty.yandex.ru/offer/8620691376590035656/;8
31.03.2026 22:31;Продается однокомнатная квартира 25.2 м;25.2 ;21680000;1-комнатная квартира;20;28; Адрес: Москва, улица Академика Королёва, 21, Дом «Достижение». ; Характеристики, описание и фото объекта id 3922755368653948318 на Яндекс Недвижимости;https://realty.yandex.ru/offer/3922755368653948318/;8
31.03.2026 22:31;Продается квартира-студию 30.4 м;30.4 ;18136640;квартира-студия;18;26; Адрес: Москва, 1-й Кирпичный переулок, 15А, ЖК «Семеновский Парк 2». ; Характеристики, описание и фото объекта id 289792581036223984 на Яндекс Недвижимости;https://realty.yandex.ru/offer/289792581036223984/;8
31.03.2026 22:31;Продается квартира-студию 29.4 м;29.4 ;21270900;квартира-студия;19;24; Адрес: Москва, ЖК Мангазея на Речном, Мангазея на Речном. ; Характеристики, описание и фото объекта id 3075575830616846584 на Яндекс Недвижимости;https://realty.yandex.ru/offer/3075575830616846584/;8
31.03.2026 22:31;Продается трехкомнатная квартира 81.1 м;81.1 ;49795400;3-комнатная квартира;3;19; Адрес: Москва, улица Расплетина, 2к1, ЖК «Театральный квартал». ; Характеристики, описание и фото объекта id 3542202109376500425 на Яндекс Недвижимости;https://realty.yandex.ru/offer/3542202109376500425/;8
31.03.2026 22:31;Продается квартира-студию 33.4 м;33.4 ;22770078;квартира-студия;26;51; Адрес: Москва, ЖК Свет, ЖК «СВЕТ». ; Характеристики, описание и фото объекта id 3941597696635175759 на Яндекс Недвижимости;https://realty.yandex.ru/offer/3941597696635175759/;8
31.03.2026 22:32;Продается однокомнатная квартира 43.1 м;43.1 ;31290600;1-комнатная квартира;28;34; Адрес: Москва, жилой комплекс Моментс, к2.2, ЖК «МОМЕНТС». ; Характеристики, описание и фото объекта id 3940749867773051236 на Яндекс Недвижимости;https://realty.yandex.ru/offer/3940749867773051236/;8
31.03.2026 22:32;Продается 2-комнатные апартаменты 71.8 м;71.8 ;52119620;2-комнатные апартаменты;8;17; Адрес: Москва, улица Василисы Кожиной, вл25/1, МФК АХЭД. ; Характеристики, описание и фото объекта id 1285835330947919522 на Яндекс Недвижимости;https://realty.yandex.ru/offer/1285835330947919522/;8
31.03.2026 22:32;Продается однокомнатная квартира 42.4 м;42.4 ;9360000;1-комнатная квартира;10;25; Адрес: посёлок городского типа Дрожжино, Южная улица, 15к1, Бутово парк 2. ; Характеристики, описание и фото объекта id 7035113340557126060 на Яндекс Недвижимости;https://realty.yandex.ru/offer/7035113340557126060/;8
31.03.2026 22:32;Продается однокомнатная квартира 48.6 м;48.6 ;41600000;1-комнатная квартира;10;18; Адрес: Москва, Жилой квартал «ШИФТ». ; Характеристики, описание и фото объекта id 5180127926973669636 на Яндекс Недвижимости;https://realty.yandex.ru/offer/5180127926973669636/;8
31.03.2026 22:32;Продается квартира-студию 31.7 м;31.7 ;18528650;квартира-студия;2;39; Адрес: Москва, ВАО, район Сокольники, КОД Сокольники. ; Характеристики, описание и фото объекта id 7016475113487096781 на Яндекс Недвижимости;https://realty.yandex.ru/offer/7016475113487096781/;8
31.03.2026 22:32;Продается 3-комнатные апартаменты 90 м;90 ;108000000;3-комнатные апартаменты;2;7; Адрес: Москва, Садовническая улица, 82, ЖК «A-Residence». ; Характеристики, описание и фото объекта id 4035986349848882809 на Яндекс Недвижимости;https://realty.yandex.ru/offer/4035986349848882809/;8
31.03.2026 22:32;Продается двухкомнатная квартира 52.1 м;52.1 ;16650000;2-комнатная квартира;2;12; Адрес: Москва, Елецкая улица, 8к2с2, ; Характеристики, описание и фото объекта id 7053956916156702269 на Яндекс Недвижимости;https://realty.yandex.ru/offer/7053956916156702269/;8
31.03.2026 22:32;Продается 1-комнатные апартаменты 28.8 м;28.8 ;7300000;1-комнатные апартаменты;1;5; Адрес: Москва, Нагатинская улица, 22к2, ; Характеристики, описание и фото объекта id 5180127926973666787 на Яндекс Недвижимости;https://realty.yandex.ru/offer/5180127926973666787/;8
31.03.2026 22:32;Продается однокомнатная квартира 36.8 м;36.8 ;26584320;1-комнатная квартира;12;42; Адрес: Москва, ЖК Аура, ЖК «АУРА». ; Характеристики, описание и фото объекта id 3165930560739705520 на Яндекс Недвижимости;https://realty.yandex.ru/offer/3165930560739705520/;8
31.03.2026 22:32;Продается однокомнатная квартира 33.1 м;33.1 ;16008572;1-комнатная квартира;5;16; Адрес: посёлок Газопровод, жилой комплекс Ольховый Квартал, к2.2, ЖК «Ольховый Квартал». ; Характеристики, описание и фото объекта id 7563903780948034793 на Яндекс Недвижимости;https://realty.yandex.ru/offer/7563903780948034793/;8
31.03.2026 22:32;Продается апартаменты-студию 22 м;22 ;5500900;апартаменты-студия;1;10; Адрес: Москва, улица Сайкина, 7, ; Характеристики, описание и фото объекта id 5227565616455356333 на Яндекс Недвижимости;https://realty.yandex.ru/offer/5227565616455356333/;8
31.03.2026 22:32;Продается апартаменты-студию 23 м;23 ;14500000;апартаменты-студия;2;9; Адрес: Москва, Нижняя Красносельская улица, 35с49, Лофт Loftec. ; Характеристики, описание и фото объекта id 3961344737879051602 на Яндекс Недвижимости;https://realty.yandex.ru/offer/3961344737879051602/;8
31.03.2026 22:32;Продается трехкомнатная квартира 67.6 м;67.6 ;54900000;3-комнатная квартира;3;5; Адрес: Москва, Усачёва улица, 29к7, ; Характеристики, описание и фото объекта id 7035113340557124294 на Яндекс Недвижимости;https://realty.yandex.ru/offer/7035113340557124294/;8
31.03.2026 22:32;Продается квартира-студию 30.8 м;30.8 ;19958400;квартира-студия;5;33; Адрес: Москва, Крылатская улица, 33к3, Клубный квартал «Крылатская 33». ; Характеристики, описание и фото объекта id 7040924941834438698 на Яндекс Недвижимости;https://realty.yandex.ru/offer/7040924941834438698/;8
31.03.2026 22:32;Продается квартира 416.2 м;416.2 ;900000000;7-комнатная квартира;2;7; Адрес: Москва, Малая Никитская улица, 15, Дом на Малой Никитской, 15. ; Характеристики, описание и фото объекта id 5228458728272021526 на Яндекс Недвижимости;https://realty.yandex.ru/offer/5228458728272021526/;8
31.03.2026 22:32;Продается однокомнатная квартира 35.1 м;35.1 ;30752864;1-комнатная квартира;5;55; Адрес: Москва, ЖК Айс Тауэрс, ЖК «Айс Тауэрс». ; Характеристики, описание и фото объекта id 4054499415631293305 на Яндекс Недвижимости;https://realty.yandex.ru/offer/4054499415631293305/;8
31.03.2026 22:32;Продается двухкомнатная квартира 52.75 м;52.8 ;18066876;2-комнатная квартира;9;32; Адрес: Москва, Проектируемый проезд № 990, Квартал Мит. ; Характеристики, описание и фото объекта id 4017216401904251184 на Яндекс Недвижимости;https://realty.yandex.ru/offer/4017216401904251184/;8
31.03.2026 22:33;Продается однокомнатная квартира 37.5 м;37.5 ;13500000;1-комнатная квартира;5;17; Адрес: Москва, Студёный проезд, 14, ; Характеристики, описание и фото объекта id 8831604211963890385 на Яндекс Недвижимости;https://realty.yandex.ru/offer/8831604211963890385/;8
31.03.2026 22:33;Продается квартира-студию 33 м;33 ;16000000;квартира-студия;2;25; Адрес: Московская область, Котельники, микрорайон Новые Котельники, 16, Квартал «РУСИЧ Новые Котельники». ; Характеристики, описание и фото объекта id 5180127926973704170 на Яндекс Недвижимости;https://realty.yandex.ru/offer/5180127926973704170/;8
31.03.2026 22:33;Продается однокомнатная квартира 39.9 м;39.9 ;35790300;1-комнатная квартира;5;57; Адрес: Москва, ЗАО, район Филёвский Парк, жилой комплекс Фили Сити, к5, ЖК «Феймос». ; Характеристики, описание и фото объекта id 1714215133257269616 на Яндекс Недвижимости;https://realty.yandex.ru/offer/1714215133257269616/;8
31.03.2026 22:33;Продается трехкомнатная квартира 75 м;75 ;43200000;3-комнатная квартира;3;17; Адрес: Москва, Большая Филёвская улица, 3к3, Западный порт. ; Характеристики, описание и фото объекта id 7053956916845701884 на Яндекс Недвижимости;https://realty.yandex.ru/offer/7053956916845701884/;8
31.03.2026 22:33;Продается двухкомнатная квартира 50.8 м;50.8 ;21341080;2-комнатная квартира;2;10; Адрес: Москва, улица Маршала Прошлякова, 12к2с1, Строгино 360. ; Характеристики, описание и фото объекта id 4017216401905346901 на Яндекс Недвижимости;https://realty.yandex.ru/offer/4017216401905346901/;8
31.03.2026 22:33;Продается двухкомнатная квартира 48.5 м;48.5 ;21359400;2-комнатная квартира;19;23; Адрес: Москва, ЗАО, район Очаково-Матвеевское, Мичуринский парк. ; Характеристики, описание и фото объекта id 4017216401905169869 на Яндекс Недвижимости;https://realty.yandex.ru/offer/4017216401905169869/;8
31.03.2026 22:33;Продается квартира-студию 22 м;22 ;7600000;квартира-студия;1;9; Адрес: Москва, Дмитровское шоссе, 43к1, ; Характеристики, описание и фото объекта id 3938452234512268610 на Яндекс Недвижимости;https://realty.yandex.ru/offer/3938452234512268610/;8
31.03.2026 22:33;Продается двухкомнатная квартира 50.1 м;50.1 ;22645200;2-комнатная квартира;27;28; Адрес: Москва, Отрадная улица, 4А, Дом МАЛЕВИЧ. ; Характеристики, описание и фото объекта id 8360277402522356758 на Яндекс Недвижимости;https://realty.yandex.ru/offer/8360277402522356758/;8
31.03.2026 22:33;Продается двухкомнатная квартира 77.9 м;77.9 ;86400520;2-комнатная квартира;28;40; Адрес: Москва, жилой комплекс Нова, к1, ЖК «НОВА». ; Характеристики, описание и фото объекта id 947062229581044762 на Яндекс Недвижимости;https://realty.yandex.ru/offer/947062229581044762/;8
31.03.2026 22:33;Продается двухкомнатная квартира 45.2 м;45.2 ;14500000;2-комнатная квартира;6;9; Адрес: Москва, Борисовский проезд, 10к1, ; Характеристики, описание и фото объекта id 7053956916020822638 на Яндекс Недвижимости;https://realty.yandex.ru/offer/7053956916020822638/;8
31.03.2026 22:33;Продается 3-комнатные апартаменты 95 м;95 ;42000000;3-комнатные апартаменты;6;7; Адрес: Москва, Нижняя Красносельская улица, 35с2, Апарт-комплекс «Klein House». ; Характеристики, описание и фото объекта id 7035113340557147261 на Яндекс Недвижимости;https://realty.yandex.ru/offer/7035113340557147261/;8
31.03.2026 22:33;Продается трехкомнатная квартира 88.1 м;88.1 ;48500000;3-комнатная квартира;13;20; Адрес: Москва, улица Маршала Соколовского, 5, ЖК «Эльсинор». ; Характеристики, описание и фото объекта id 7053956916018079825 на Яндекс Недвижимости;https://realty.yandex.ru/offer/7053956916018079825/;8
31.03.2026 22:33;Продается однокомнатная квартира 32.5 м;32.5 ;10700000;1-комнатная квартира;5;9; Адрес: Москва, Ореховый бульвар, 39к2, ; Характеристики, описание и фото объекта id 7053956916212970718 на Яндекс Недвижимости;https://realty.yandex.ru/offer/7053956916212970718/;8
31.03.2026 22:33;Продается апартаменты-студию 15.3 м;15.3 ;5000000;апартаменты-студия;5;6; Адрес: Москва, Автозаводская улица, 19к1, ; Характеристики, описание и фото объекта id 445980580603324380 на Яндекс Недвижимости;https://realty.yandex.ru/offer/445980580603324380/;8
31.03.2026 22:33;Продается двухкомнатная квартира 83.3 м;83.3 ;39500000;2-комнатная квартира;21;23; Адрес: Москва, Часовая улица, 23к1, ЖК «Весна на Балтийском». ; Характеристики, описание и фото объекта id 9116440453701965877 на Яндекс Недвижимости;https://realty.yandex.ru/offer/9116440453701965877/;8
31.03.2026 22:33;Продается квартира 127 м;127 ;67000000;4-комнатная квартира;6;7; Адрес: Москва, Тверская улица, 27с2, ; Характеристики, описание и фото объекта id 445980580603325493 на Яндекс Недвижимости;https://realty.yandex.ru/offer/445980580603325493/;8
31.03.2026 22:33;Продается трехкомнатная квартира 115.1 м;115.1 ;80224704;3-комнатная квартира;9;25; Адрес: Москва, ЖК Мастерс, Премиальный дом МАСТЕРС. ; Характеристики, описание и фото объекта id 3370385692172043795 на Яндекс Недвижимости;https://realty.yandex.ru/offer/3370385692172043795/;8
31.03.2026 22:34;Продается трехкомнатная квартира 62.3 м;62.3 ;22400000;3-комнатная квартира;5;5; Адрес: Москва, проспект Мира, 78А, ; Характеристики, описание и фото объекта id 3938452234512210951 на Яндекс Недвижимости;https://realty.yandex.ru/offer/3938452234512210951/;8
31.03.2026 22:34;Продается трехкомнатная квартира 83 м;83 ;48000000;3-комнатная квартира;8;8; Адрес: Москва, Малая Сухаревская площадь, 2/4, ; Характеристики, описание и фото объекта id 1832173721162918145 на Яндекс Недвижимости;https://realty.yandex.ru/offer/1832173721162918145/;8
31.03.2026 22:34;Продается однокомнатная квартира 44.2 м;44.2 ;32046020;1-комнатная квартира;57;68; Адрес: Москва, Южнопортовая улица, ЖК Левел Южнопортовая. ; Характеристики, описание и фото объекта id 151632912209436825 на Яндекс Недвижимости;https://realty.yandex.ru/offer/151632912209436825/;8
31.03.2026 22:34;Продается двухкомнатная квартира 50.7 м;50.7 ;23575500;2-комнатная квартира;33;33; Адрес: Москва, жилой комплекс Сигнальный 16, 2.1, Сигнальный 16. ; Характеристики, описание и фото объекта id 4017216401848056802 на Яндекс Недвижимости;https://realty.yandex.ru/offer/4017216401848056802/;8
31.03.2026 22:34;Продается 2-комнатные апартаменты 84.6 м;84.6 ;52000000;2-комнатные апартаменты;4;17; Адрес: Москва, Ленинградский проспект, 35с2, Квартал «Искра-Парк». ; Характеристики, описание и фото объекта id 7321663193365756672 на Яндекс Недвижимости;https://realty.yandex.ru/offer/7321663193365756672/;8
31.03.2026 22:34;Продается квартира 128.2 м;128.2 ;141739200;4-комнатная квартира;66;69; Адрес: Москва, Краснопресненская набережная, 14Ак2, МФК Capital Towers. ; Характеристики, описание и фото объекта id 7614318637940140344 на Яндекс Недвижимости;https://realty.yandex.ru/offer/7614318637940140344/;8
31.03.2026 22:34;Продается трехкомнатная квартира 85 м;85 ;28400000;3-комнатная квартира;2;20; Адрес: Москва, Производственная улица, 12к1, ЖК «ЛУЧИ». ; Характеристики, описание и фото объекта id 5180127926972923905 на Яндекс Недвижимости;https://realty.yandex.ru/offer/5180127926972923905/;8
31.03.2026 22:34;Продается двухкомнатная квартира 69 м;69 ;13500000;2-комнатная квартира;15;19; Адрес: посёлок городского типа Путилково, Сходненская улица, 25, Жилой район «Путилково (ДСК-1)». ; Характеристики, описание и фото объекта id 3938452234512213059 на Яндекс Недвижимости;https://realty.yandex.ru/offer/3938452234512213059/;8
31.03.2026 22:34;Продается двухкомнатная квартира 44.2 м;44.2 ;13500000;2-комнатная квартира;3;14; Адрес: Москва, улица Толбухина, 13к7, ; Характеристики, описание и фото объекта id 7035113340557126275 на Яндекс Недвижимости;https://realty.yandex.ru/offer/7035113340557126275/;8
31.03.2026 22:34;Продается двухкомнатная квартира 49.2 м;49.2 ;25656570;2-комнатная квартира;37;52; Адрес: Москва, Верейская улица, 29с32Д, ЖК «СЕТ». ; Характеристики, описание и фото объекта id 7780418825679676351 на Яндекс Недвижимости;https://realty.yandex.ru/offer/7780418825679676351/;8
31.03.2026 22:34;Продается апартаменты-студию 18 м;18 ;6999999;апартаменты-студия;5;21; Адрес: Москва, Автомобильный проезд, 4, Апарт-комплекс N’ICE LOFT. ; Характеристики, описание и фото объекта id 9137391780170577064 на Яндекс Недвижимости;https://realty.yandex.ru/offer/9137391780170577064/;8
31.03.2026 22:34;Продается квартира 217.42 м;217.4 ;451322400;6-комнатная квартира;3;5; Адрес: Москва, ЖК Остров, 10-й квартал, к2, ЖК «Остров». ; Характеристики, описание и фото объекта id 1546905805267872788 на Яндекс Недвижимости;https://realty.yandex.ru/offer/1546905805267872788/;8
31.03.2026 22:34;Продается трехкомнатная квартира 123.1 м;123.1 ;46205848;3-комнатная квартира;20;27; Адрес: Москва, Староалексеевская улица, 5А, ЖК «Лайм». ; Характеристики, описание и фото объекта id 5228358804200139117 на Яндекс Недвижимости;https://realty.yandex.ru/offer/5228358804200139117/;8
31.03.2026 22:34;Продается трехкомнатная квартира 75.7 м;75.7 ;29831100;3-комнатная квартира;6;19; Адрес: Москва, НАО, район Коммунарка, ЖК Прокшино, ЖК «Прокшино». ; Характеристики, описание и фото объекта id 3221624791709400272 на Яндекс Недвижимости;https://realty.yandex.ru/offer/3221624791709400272/;8
31.03.2026 22:34;Продается однокомнатная квартира 39.05 м;39.1 ;23524096;1-комнатная квартира;24;28; Адрес: Москва, ЮВАО, Южнопортовый район, ЖК «Дубровка от Гранель». ; Характеристики, описание и фото объекта id 5226951667116056466 на Яндекс Недвижимости;https://realty.yandex.ru/offer/5226951667116056466/;8
31.03.2026 22:34;Продается однокомнатная квартира 36.8 м;36.8 ;13323698;1-комнатная квартира;2;9; Адрес: посёлок городского типа Заречье, ЖК Заречье Парк, 4, ЖК «Заречье Парк». ; Характеристики, описание и фото объекта id 4768812907138179082 на Яндекс Недвижимости;https://realty.yandex.ru/offer/4768812907138179082/;8
31.03.2026 22:35;Продается квартира-студию 30.77 м;30.8 ;19615876;квартира-студия;3;25; Адрес: Москва, жилой комплекс Веер, ЖК «Веер». ; Характеристики, описание и фото объекта id 115059875174553771 на Яндекс Недвижимости;https://realty.yandex.ru/offer/115059875174553771/;8
31.03.2026 22:35;Продается 2-комнатные апартаменты 42.2 м;42.2 ;13941300;2-комнатные апартаменты;19;28; Адрес: Москва, Пятницкое шоссе, 56Б, Апарт-комплекс «Пятницкое 58». ; Характеристики, описание и фото объекта id 2504792516428892690 на Яндекс Недвижимости;https://realty.yandex.ru/offer/2504792516428892690/;8
31.03.2026 22:35;Продается однокомнатная квартира 32 м;32 ;23000000;1-комнатная квартира;8;8; Адрес: Москва, Комсомольский проспект, 9, ; Характеристики, описание и фото объекта id 5227772918666729208 на Яндекс Недвижимости;https://realty.yandex.ru/offer/5227772918666729208/;8
31.03.2026 22:35;Продается апартаменты-студию 18.7 м;18.7 ;9000000;апартаменты-студия;2;14; Адрес: Москва, Ленинградский проспект, 80к66, ; Характеристики, описание и фото объекта id 7053956941836124193 на Яндекс Недвижимости;https://realty.yandex.ru/offer/7053956941836124193/;8
31.03.2026 22:35;Продается трехкомнатная квартира 95.4 м;95.4 ;48654000;3-комнатная квартира;2;14; Адрес: Москва, ЮВАО, район Лефортово, ЖК Стоун Райз, ЖК СТОУН Райз. ; Характеристики, описание и фото объекта id 2392541479000150337 на Яндекс Недвижимости;https://realty.yandex.ru/offer/2392541479000150337/;8
31.03.2026 22:35;Продается двухкомнатная квартира 58 м;58 ;32000000;2-комнатная квартира;7;24; Адрес: Москва, Профсоюзная улица, 25, ; Характеристики, описание и фото объекта id 3938452234512268794 на Яндекс Недвижимости;https://realty.yandex.ru/offer/3938452234512268794/;8
31.03.2026 22:35;Продается квартира 140 м;140 ;178000000;4-комнатная квартира;6;15; Адрес: Москва, 2-я Фрунзенская улица, 12, ЖК «Пять Звезд». ; Характеристики, описание и фото объекта id 3938455563566228973 на Яндекс Недвижимости;https://realty.yandex.ru/offer/3938455563566228973/;8
31.03.2026 22:35;Продается двухкомнатная квартира 68.7 м;68.7 ;24924360;2-комнатная квартира;19;20; Адрес: Москва, ЖК 2-й Иртышский, 1.1, 2-й Иртышский. ; Характеристики, описание и фото объекта id 4017216401850859138 на Яндекс Недвижимости;https://realty.yandex.ru/offer/4017216401850859138/;8
31.03.2026 22:35;Продается двухкомнатная квартира 66.5 м;66.5 ;29900000;2-комнатная квартира;15;37; Адрес: Москва, Шелепихинская набережная, 34к1зд5, Квартал «Сердце Столицы». ; Характеристики, описание и фото объекта id 3948506529642726657 на Яндекс Недвижимости;https://realty.yandex.ru/offer/3948506529642726657/;8
31.03.2026 22:35;Продается квартира 102.9 м;102.9 ;48543076;5-комнатная квартира;56;59; Адрес: Москва, жилой комплекс Сет, ЖК «СЕТ». ; Характеристики, описание и фото объекта id 8579949426480222080 на Яндекс Недвижимости;https://realty.yandex.ru/offer/8579949426480222080/;8
31.03.2026 22:35;Продается 3-комнатные апартаменты 72 м;72 ;21800000;3-комнатные апартаменты;8;17; Адрес: Москва, Шипиловский проезд, 39к2, ЖК «ОРЕХОВО. Дом у парка». ; Характеристики, описание и фото объекта id 7035113340557147358 на Яндекс Недвижимости;https://realty.yandex.ru/offer/7035113340557147358/;8
31.03.2026 22:35;Продается 2-комнатные апартаменты 59.5 м;59.5 ;33868936;2-комнатные апартаменты;18;23; Адрес: Москва, САО, Хорошёвский район, жилой комплекс Зорге 9, 9Ак7, Квартал «Зорге 9». ; Характеристики, описание и фото объекта id 3981021917799322648 на Яндекс Недвижимости;https://realty.yandex.ru/offer/3981021917799322648/;8
31.03.2026 22:35;Продается квартира 210.3 м;210.3 ;275000000;4-комнатная квартира;3;6; Адрес: Москва, Лаврушинский переулок, 11к1, Дом в Лаврушинском пер., 11. ; Характеристики, описание и фото объекта id 1396823674431688367 на Яндекс Недвижимости;https://realty.yandex.ru/offer/1396823674431688367/;8
31.03.2026 22:35;Продается трехкомнатная квартира 117 м;117 ;357500000;3-комнатная квартира;5;7; Адрес: Москва, улица Большая Дмитровка, 7/5с2, Клубный дом «Советник». ; Характеристики, описание и фото объекта id 3938455563570162123 на Яндекс Недвижимости;https://realty.yandex.ru/offer/3938455563570162123/;8
31.03.2026 22:35;Продается трехкомнатная квартира 58.5 м;58.5 ;32526000;3-комнатная квартира;20;20; Адрес: Москва, САО, Головинский район, жилой комплекс Михалковский, ЖК «Михалковский». ; Характеристики, описание и фото объекта id 8188543942799164065 на Яндекс Недвижимости;https://realty.yandex.ru/offer/8188543942799164065/;8
31.03.2026 22:35;Продается 2-комнатные апартаменты 126.2 м;126.2 ;70000000;2-комнатные апартаменты;9;9; Адрес: Москва, переулок Красина, 16с1, Дом на Красина. ; Характеристики, описание и фото объекта id 7939883031533147680 на Яндекс Недвижимости;https://realty.yandex.ru/offer/7939883031533147680/;8
31.03.2026 22:35;Продается трехкомнатная квартира 78.55 м;78.6 ;20232988;3-комнатная квартира;16;16; Адрес: Москва, жилой комплекс Молжаниново, к4, ЖК «Молжаниново». ; Характеристики, описание и фото объекта id 4789867611848465275 на Яндекс Недвижимости;https://realty.yandex.ru/offer/4789867611848465275/;8
31.03.2026 22:35;Продается квартира 347.5 м;347.5 ;690628352;6-комнатная квартира;6;6; Адрес: Москва, Хилков переулок, 5, Особняк в Хилковом переулке. ; Характеристики, описание и фото объекта id 5179313443541948741 на Яндекс Недвижимости;https://realty.yandex.ru/offer/5179313443541948741/;8
31.03.2026 22:36;Продается апартаменты-студию 36.6 м;36.6 ;6419990;апартаменты-студия;1;6; Адрес: Москва, Новорязанская улица, 31/7к5, ; Характеристики, описание и фото объекта id 5227565616455358096 на Яндекс Недвижимости;https://realty.yandex.ru/offer/5227565616455358096/;8
31.03.2026 22:36;Продается трехкомнатная квартира 120.4 м;120.4 ;120000000;3-комнатная квартира;3;4; Адрес: Москва, улица Петровка, 28с1, ; Характеристики, описание и фото объекта id 1396823674431504034 на Яндекс Недвижимости;https://realty.yandex.ru/offer/1396823674431504034/;8
31.03.2026 22:36;Продается трехкомнатная квартира 90 м;90 ;80000000;3-комнатная квартира;2;7; Адрес: Москва, Большой Козихинский переулок, 19/6, ; Характеристики, описание и фото объекта id 4805508911741547659 на Яндекс Недвижимости;https://realty.yandex.ru/offer/4805508911741547659/;8
31.03.2026 22:36;Продается квартира 134.8 м;134.8 ;33990000;4-комнатная квартира;3;5; Адрес: Москва, Первомайская улица, 109/2, ; Характеристики, описание и фото объекта id 5179235881932704354 на Яндекс Недвижимости;https://realty.yandex.ru/offer/5179235881932704354/;8
31.03.2026 22:36;Продается трехкомнатная квартира 66 м;66 ;35903400;3-комнатная квартира;9;35; Адрес: Москва, ЖК Инджой, Яркий квартал Инджой. ; Характеристики, описание и фото объекта id 3897560960499734065 на Яндекс Недвижимости;https://realty.yandex.ru/offer/3897560960499734065/;8
31.03.2026 22:36;Продается 1-комнатные апартаменты 30.6 м;30.6 ;10950000;1-комнатные апартаменты;5;10; Адрес: Москва, Дмитровское шоссе, 107Б, ; Характеристики, описание и фото объекта id 3961344737879886718 на Яндекс Недвижимости;https://realty.yandex.ru/offer/3961344737879886718/;8
31.03.2026 22:36;Продается квартира 458 м;458 ;688000000;6-комнатная квартира;10;10; Адрес: Москва, Большая Грузинская улица, 69, ЖК «Четыре ветра». ; Характеристики, описание и фото объекта id 4647497968125007617 на Яндекс Недвижимости;https://realty.yandex.ru/offer/4647497968125007617/;8
31.03.2026 22:36;Продается трехкомнатная квартира 74.8 м;74.8 ;37624400;3-комнатная квартира;6;28; Адрес: Москва, СЗАО, район Хорошёво-Мнёвники, 82-й квартал, ЖК «Трилогия «Кристалл»». ; Характеристики, описание и фото объекта id 7911195957001574403 на Яндекс Недвижимости;https://realty.yandex.ru/offer/7911195957001574403/;8
31.03.2026 22:36;Продается трехкомнатная квартира 166.2 м;166.2 ;415998592;3-комнатная квартира;2;7; Адрес: Москва, улица Климашкина, 7/11, Клубный дом «Климашкина 7/11». ; Характеристики, описание и фото объекта id 8138834257416154813 на Яндекс Недвижимости;https://realty.yandex.ru/offer/8138834257416154813/;8
31.03.2026 22:36;Продается трехкомнатная квартира 85 м;85 ;36000000;3-комнатная квартира;14;17; Адрес: Москва, Нагатинская набережная, 10к1, Микрорайон «Нагатино-Садовники». ; Характеристики, описание и фото объекта id 4621295813273758118 на Яндекс Недвижимости;https://realty.yandex.ru/offer/4621295813273758118/;8
31.03.2026 22:36;Продается однокомнатная квартира 36.09 м;36.1 ;31751982;1-комнатная квартира;11;55; Адрес: Москва, ЖК Джойс, ЖК «Джойс». ; Характеристики, описание и фото объекта id 7097920640721636304 на Яндекс Недвижимости;https://realty.yandex.ru/offer/7097920640721636304/;8
31.03.2026 22:36;Продается квартира 82.6 м;82.6 ;34690000;4-комнатная квартира;29;38; Адрес: Москва, ЖК Страна.Заречная, ЖК «Страна.Заречная». ; Характеристики, описание и фото объекта id 3876560807093870754 на Яндекс Недвижимости;https://realty.yandex.ru/offer/3876560807093870754/;8
31.03.2026 22:36;Продается трехкомнатная квартира 70.3 м;70.3 ;26224712;3-комнатная квартира;22;24; Адрес: Москва, жилой комплекс Южные Сады, к4.1.1, ЖК «Южные сады». ; Характеристики, описание и фото объекта id 3221624791687201110 на Яндекс Недвижимости;https://realty.yandex.ru/offer/3221624791687201110/;8
31.03.2026 22:36;Продается однокомнатная квартира 36.27 м;36.3 ;19861102;1-комнатная квартира;19;20; Адрес: Москва, историческая местность Карачарово, ЖК «Нижегородская от Гранель». ; Характеристики, описание и фото объекта id 5226951667116860014 на Яндекс Недвижимости;https://realty.yandex.ru/offer/5226951667116860014/;8
31.03.2026 22:36;Продается квартира 278 м;278 ;478932288;4-комнатная квартира;17;16; Адрес: Москва, Звенигородское шоссе, 11, ЖК Eleven. ; Характеристики, описание и фото объекта id 5359151922970170613 на Яндекс Недвижимости;https://realty.yandex.ru/offer/5359151922970170613/;8
31.03.2026 22:36;Продается 2-комнатные апартаменты 46 м;46 ;38600000;2-комнатные апартаменты;3;7; Адрес: Москва, Большой Тишинский переулок, 38, Клубный дом «SINATRA». ; Характеристики, описание и фото объекта id 3938455563568249926 на Яндекс Недвижимости;https://realty.yandex.ru/offer/3938455563568249926/;8
31.03.2026 22:36;Продается двухкомнатная квартира 39.5 м;39.5 ;16985000;2-комнатная квартира;17;22; Адрес: Москва, Сколковское ш., Жилой квартал «Стеллар Сити». ; Характеристики, описание и фото объекта id 2460418760595497235 на Яндекс Недвижимости;https://realty.yandex.ru/offer/2460418760595497235/;8
31.03.2026 22:37;Продается трехкомнатная квартира 107.7 м;107.7 ;21500000;3-комнатная квартира;1;5; Адрес: Москва, Сколковское шоссе, 7, ; Характеристики, описание и фото объекта id 445980580603324500 на Яндекс Недвижимости;https://realty.yandex.ru/offer/445980580603324500/;8
31.03.2026 22:37;Продается однокомнатная квартира 28.2 м;28.2 ;8578440;1-комнатная квартира;6;14; Адрес: Зеленоград, 22-й микрорайон, ЖК Зелёный Парк, Зелёный Парк. ; Характеристики, описание и фото объекта id 4017216401934040290 на Яндекс Недвижимости;https://realty.yandex.ru/offer/4017216401934040290/;8
31.03.2026 22:37;Продается трехкомнатная квартира 81.1 м;81.1 ;69783704;3-комнатная квартира;5;31; Адрес: Москва, ЗАО, район Очаково-Матвеевское, жилой комплекс Левел Мичуринский, к13, ЖК Левел Мичуринский. ; Характеристики, описание и фото объекта id 1423744625036151138 на Яндекс Недвижимости;https://realty.yandex.ru/offer/1423744625036151138/;8
31.03.2026 22:37;Продается 2-комнатные апартаменты 52.6 м;52.6 ;21500000;2-комнатные апартаменты;12;12; Адрес: Москва, Ленинградский проспект, 33А, ; Характеристики, описание и фото объекта id 5080059205004708466 на Яндекс Недвижимости;https://realty.yandex.ru/offer/5080059205004708466/;8
31.03.2026 22:37;Продается двухкомнатная квартира 41.1 м;41.1 ;22522800;2-комнатная квартира;14;29; Адрес: Москва, Ботаническая улица, 29, ЖК «ВЭРИ на Ботанической». ; Характеристики, описание и фото объекта id 3752933461091104407 на Яндекс Недвижимости;https://realty.yandex.ru/offer/3752933461091104407/;8
31.03.2026 22:37;Продается двухкомнатная квартира 30 м;30 ;13000000;2-комнатная квартира;15;16; Адрес: Москва, Рязанский проспект, 5, ; Характеристики, описание и фото объекта id 3938452234512336906 на Яндекс Недвижимости;https://realty.yandex.ru/offer/3938452234512336906/;8
31.03.2026 22:37;Продается двухкомнатная квартира 78.3 м;78.3 ;59600000;2-комнатная квартира;7;7; Адрес: Москва, Гоголевский бульвар, 27, ; Характеристики, описание и фото объекта id 4035986349849804408 на Яндекс Недвижимости;https://realty.yandex.ru/offer/4035986349849804408/;8
31.03.2026 22:37;Продается трехкомнатная квартира 64.6 м;64.6 ;45517160;3-комнатная квартира;27;30; Адрес: Москва, жилой комплекс Моментс, к2.1, ЖК «МОМЕНТС». ; Характеристики, описание и фото объекта id 3940749867776568280 на Яндекс Недвижимости;https://realty.yandex.ru/offer/3940749867776568280/;8
31.03.2026 22:37;Продается двухкомнатная квартира 110.47 м;110.5 ;183152368;2-комнатная квартира;1;10; Адрес: Москва, остров Балчуг, ЖК «Садовническая 69». ; Характеристики, описание и фото объекта id 6242880550851563634 на Яндекс Недвижимости;https://realty.yandex.ru/offer/6242880550851563634/;8
31.03.2026 22:37;Продается квартира 210 м;210 ;499000000;5-комнатная квартира;3;4; Адрес: Москва, Дмитровский переулок, 7, ; Характеристики, описание и фото объекта id 4805508911737824839 на Яндекс Недвижимости;https://realty.yandex.ru/offer/4805508911737824839/;8
31.03.2026 22:37;Продается апартаменты-студию 22.7 м;22.7 ;5600000;апартаменты-студия;1;13; Адрес: Москва, 6-я Кожуховская улица, 3к1, ; Характеристики, описание и фото объекта id 5227565616455358197 на Яндекс Недвижимости;https://realty.yandex.ru/offer/5227565616455358197/;8
31.03.2026 22:37;Продается двухкомнатная квартира 125 м;125 ;310000000;2-комнатная квартира;5;8; Адрес: Москва, Костянский переулок, 13, Клубный дом «Turgenev». ; Характеристики, описание и фото объекта id 3938455563573825616 на Яндекс Недвижимости;https://realty.yandex.ru/offer/3938455563573825616/;8
31.03.2026 22:37;Продается трехкомнатная квартира 78.3 м;78.3 ;23050000;3-комнатная квартира;17;17; Адрес: Москва, 5-я Парковая улица, 62Б, ; Характеристики, описание и фото объекта id 9137391780881744036 на Яндекс Недвижимости;https://realty.yandex.ru/offer/9137391780881744036/;8
31.03.2026 22:37;Продается квартира 156 м;156 ;82000000;4-комнатная квартира;6;12; Адрес: Москва, улица Гризодубовой, 4к1, ; Характеристики, описание и фото объекта id 5228459389428247258 на Яндекс Недвижимости;https://realty.yandex.ru/offer/5228459389428247258/;8
31.03.2026 22:37;Продается трехкомнатная квартира 90 м;90 ;52900000;3-комнатная квартира;13;14; Адрес: Москва, улица Малые Каменщики, 4, ; Характеристики, описание и фото объекта id 3938452234512239966 на Яндекс Недвижимости;https://realty.yandex.ru/offer/3938452234512239966/;8
31.03.2026 22:37;Продается трехкомнатная квартира 98.1 м;98.1 ;48755700;3-комнатная квартира;37;44; Адрес: Москва, ЖК Ультима Сити, ЖК «УЛЬТИМА Сити». ; Характеристики, описание и фото объекта id 3821188531767189373 на Яндекс Недвижимости;https://realty.yandex.ru/offer/3821188531767189373/;8
31.03.2026 22:37;Продается 1-комнатные апартаменты 99.7 м;99.7 ;213287312;1-комнатные апартаменты;8;9; Адрес: Москва, 1-я Тверская-Ямская улица, 2с1, Апарт-комплекс «Веспер Тверская». ; Характеристики, описание и фото объекта id 5749617573777738454 на Яндекс Недвижимости;https://realty.yandex.ru/offer/5749617573777738454/;8
31.03.2026 22:37;Продается трехкомнатная квартира 57.9 м;57.9 ;33990000;3-комнатная квартира;1;9; Адрес: Москва, Хохловский переулок, 10с7, ; Характеристики, описание и фото объекта id 5180127926972750984 на Яндекс Недвижимости;https://realty.yandex.ru/offer/5180127926972750984/;8
31.03.2026 22:37;Продается квартира-студию 28.8 м;28.8 ;15900710;квартира-студия;20;23; Адрес: Москва, улица Красного Маяка, 26к4, ЖК Парксайд. ; Характеристики, описание и фото объекта id 3938451244122782281 на Яндекс Недвижимости;https://realty.yandex.ru/offer/3938451244122782281/;8
31.03.2026 22:38;Продается трехкомнатная квартира 76.7 м;76.7 ;22000000;3-комнатная квартира;4;17; Адрес: Москва, Измайловский бульвар, 18, ; Характеристики, описание и фото объекта id 445980580603324531 на Яндекс Недвижимости;https://realty.yandex.ru/offer/445980580603324531/;8
31.03.2026 22:38;Продается двухкомнатная квартира 61.1 м;61.1 ;27659480;2-комнатная квартира;24;30; Адрес: Москва, ЖК Вейв, ЖК «ВЕЙВ». ; Характеристики, описание и фото объекта id 3938451244122815944 на Яндекс Недвижимости;https://realty.yandex.ru/offer/3938451244122815944/;8
31.03.2026 22:38;Продается однокомнатная квартира 37 м;37 ;12136000;1-комнатная квартира;22;25; Адрес: Люберцы, улица Гоголя, 3, ЖК «Гоголь Парк». ; Характеристики, описание и фото объекта id 6831980299454917085 на Яндекс Недвижимости;https://realty.yandex.ru/offer/6831980299454917085/;8
31.03.2026 22:38;Продается квартира 134.4 м;134.4 ;374379296;5-комнатная квартира;2;4; Адрес: Москва, Саввинская набережная, 17, Клубный дом «Саввинская 17». ; Характеристики, описание и фото объекта id 4882601821101677191 на Яндекс Недвижимости;https://realty.yandex.ru/offer/4882601821101677191/;8
31.03.2026 22:38;Продается апартаменты 96.96 м;97 ;36389088;4-комнатные апартаменты;9;20; Адрес: Москва, Потешная улица, вл5с2, ЭВОПАРК Сокольники. ; Характеристики, описание и фото объекта id 6277033079601381020 на Яндекс Недвижимости;https://realty.yandex.ru/offer/6277033079601381020/;8
31.03.2026 22:38;Продается трехкомнатная квартира 80.84 м;80.8 ;43856136;3-комнатная квартира;3;14; Адрес: Москва, ЖК Верейская 41, 3.1, ЖК «Верейская 41». ; Характеристики, описание и фото объекта id 7449509064201822532 на Яндекс Недвижимости;https://realty.yandex.ru/offer/7449509064201822532/;8
31.03.2026 22:38;Продается трехкомнатная квартира 148.65 м;148.7 ;318705600;3-комнатная квартира;7;13; Адрес: Москва, Садовая-Сухаревская улица, 14/1, Клубный дом «Форум». ; Характеристики, описание и фото объекта id 4467420497238317959 на Яндекс Недвижимости;https://realty.yandex.ru/offer/4467420497238317959/;8
31.03.2026 22:38;Продается однокомнатная квартира 40.5 м;40.5 ;13800000;1-комнатная квартира;3;16; Адрес: Москва, Судостроительная улица, 28к1, ; Характеристики, описание и фото объекта id 7053956915246042176 на Яндекс Недвижимости;https://realty.yandex.ru/offer/7053956915246042176/;8
31.03.2026 22:38;Продается квартира 161.8 м;161.8 ;153347504;4-комнатная квартира;2;7; Адрес: Москва, Серебрянический переулок, 6, ЖК «Титул» на Серебрянической набережной. ; Характеристики, описание и фото объекта id 1323107641325625958 на Яндекс Недвижимости;https://realty.yandex.ru/offer/1323107641325625958/;8
31.03.2026 22:38;Продается трехкомнатная квартира 62.3 м;62.3 ;19500000;3-комнатная квартира;2;12; Адрес: Москва, улица Островитянова, 35, ; Характеристики, описание и фото объекта id 4621215668828240274 на Яндекс Недвижимости;https://realty.yandex.ru/offer/4621215668828240274/;8
31.03.2026 22:38;Продается 1-комнатные апартаменты 47.6 м;47.6 ;22778602;1-комнатные апартаменты;4;13; Адрес: Москва, ЦАО, Басманный район, ЖК Резиденции Архитекторов, ЖК «Резиденции Архитекторов». ; Характеристики, описание и фото объекта id 5097511349606612415 на Яндекс Недвижимости;https://realty.yandex.ru/offer/5097511349606612415/;8
31.03.2026 22:38;Продается квартира-студию 25.8 м;25.8 ;7441802;квартира-студия;14;17; Адрес: деревня Рузино, микрорайон Кутузовский, ЖК Новый Зеленоград, 4к3, Микрорайон «Новый Зеленоград». ; Характеристики, описание и фото объекта id 4560861001505806889 на Яндекс Недвижимости;https://realty.yandex.ru/offer/4560861001505806889/;8
31.03.2026 22:38;Продается квартира 133 м;133 ;135000000;4-комнатная квартира;6;10; Адрес: Москва, Большая Грузинская улица, 69, ЖК «Четыре ветра». ; Характеристики, описание и фото объекта id 244099077594996253 на Яндекс Недвижимости;https://realty.yandex.ru/offer/244099077594996253/;8
31.03.2026 22:38;Продается трехкомнатная квартира 59.9 м;59.9 ;30299500;3-комнатная квартира;5;13; Адрес: Москва, ЖК Адмирал, ЖК «Адмирал». ; Характеристики, описание и фото объекта id 7665459515144554637 на Яндекс Недвижимости;https://realty.yandex.ru/offer/7665459515144554637/;8
31.03.2026 22:38;Продается двухкомнатная квартира 74.3 м;74.3 ;45636620;2-комнатная квартира;57;57; Адрес: Москва, Юго-ЗАО, район Коньково, 40-й квартал, дом Обручева 30, к1, Дом «Обручева 30». ; Характеристики, описание и фото объекта id 3938451244122809966 на Яндекс Недвижимости;https://realty.yandex.ru/offer/3938451244122809966/;8
31.03.2026 22:38;Продается квартира-студию 25.3 м;25.3 ;21900000;квартира-студия;9;19; Адрес: Москва, Профсоюзная улица, 2/22, ЖК Левел Академическая. ; Характеристики, описание и фото объекта id 7053956915215596061 на Яндекс Недвижимости;https://realty.yandex.ru/offer/7053956915215596061/;8
31.03.2026 22:38;Продается двухкомнатная квартира 49 м;49 ;16500000;2-комнатная квартира;4;10; Адрес: Москва, Электролитный проезд, 7к2, ; Характеристики, описание и фото объекта id 7053956915246937987 на Яндекс Недвижимости;https://realty.yandex.ru/offer/7053956915246937987/;8
31.03.2026 22:38;Продается трехкомнатная квартира 87.3 м;87.3 ;23000000;3-комнатная квартира;5;5; Адрес: Москва, Авиамоторная улица, 28/4, ; Характеристики, описание и фото объекта id 7053956938374768411 на Яндекс Недвижимости;https://realty.yandex.ru/offer/7053956938374768411/;8
31.03.2026 22:38;Продается 2-комнатные апартаменты 55.4 м;55.4 ;26769280;2-комнатные апартаменты;18;27; Адрес: Москва, 2-й Силикатный проезд, вл8, Эмоушн. ; Характеристики, описание и фото объекта id 6202339441235577122 на Яндекс Недвижимости;https://realty.yandex.ru/offer/6202339441235577122/;8
31.03.2026 22:39;Продается квартира 93.7 м;93.7 ;72311280;4-комнатная квартира;10;19; Адрес: Москва, ЖК Родина Парк, к1, ЖК «Родина Парк». ; Характеристики, описание и фото объекта id 3190558371458579962 на Яндекс Недвижимости;https://realty.yandex.ru/offer/3190558371458579962/;8
31.03.2026 22:39;Продается апартаменты-студию 31.8 м;31.8 ;13053900;апартаменты-студия;27;35; Адрес: Москва, проспект Мира, 222, МИРАПОЛИС. ; Характеристики, описание и фото объекта id 6172858407777332579 на Яндекс Недвижимости;https://realty.yandex.ru/offer/6172858407777332579/;8
31.03.2026 22:39;Продается двухкомнатная квартира 76.3 м;76.3 ;112145744;2-комнатная квартира;4;19; Адрес: Москва, историческая местность Миусы, Клубный дом «Энигмия». ; Характеристики, описание и фото объекта id 3219086721053931926 на Яндекс Недвижимости;https://realty.yandex.ru/offer/3219086721053931926/;8
31.03.2026 22:39;Продается трехкомнатная квартира 54.2 м;54.2 ;16300000;3-комнатная квартира;2;5; Адрес: Москва, Ярославская улица, 17, ; Характеристики, описание и фото объекта id 5226954973064353565 на Яндекс Недвижимости;https://realty.yandex.ru/offer/5226954973064353565/;8
31.03.2026 22:39;Продается двухкомнатная квартира 51.4 м;51.4 ;24383542;2-комнатная квартира;2;9; Адрес: посёлок городского типа Заречье, Торговая улица, 9, ЖК Skolkovo ONE. ; Характеристики, описание и фото объекта id 244099793553730085 на Яндекс Недвижимости;https://realty.yandex.ru/offer/244099793553730085/;8
31.03.2026 22:39;Продается однокомнатная квартира 37.72 м;37.7 ;26492188;1-комнатная квартира;13;17; Адрес: Москва, ЖК Мира, ЖК «МИРА». ; Характеристики, описание и фото объекта id 2554293420209514558 на Яндекс Недвижимости;https://realty.yandex.ru/offer/2554293420209514558/;8
31.03.2026 22:39;Продается двухкомнатная квартира от собственника 60 м;60 ;79990000;2-комнатная квартира;4;4; Адрес: Москва, Малый Козихинский переулок, 8/18, ; Характеристики, описание и фото объекта id 8749211505089783040 на Яндекс Недвижимости;https://realty.yandex.ru/offer/8749211505089783040/;8
31.03.2026 22:39;Продается трехкомнатная квартира 183 м;183 ;92700000;3-комнатная квартира;15;32; Адрес: Москва, Ходынский бульвар, 5к1, ; Характеристики, описание и фото объекта id 5228459389428182005 на Яндекс Недвижимости;https://realty.yandex.ru/offer/5228459389428182005/;8
31.03.2026 22:39;Продается двухкомнатная квартира 54.3 м;54.3 ;48870000;2-комнатная квартира;3;6; Адрес: Москва, Большой Козихинский переулок, 17с1, ; Характеристики, описание и фото объекта id 4035986349852666419 на Яндекс Недвижимости;https://realty.yandex.ru/offer/4035986349852666419/;8
31.03.2026 22:39;Продается 3-комнатные апартаменты 70.5 м;70.5 ;9850000;3-комнатные апартаменты;1;12; Адрес: Москва, Алтуфьевское шоссе, 56, ; Характеристики, описание и фото объекта id 606290050113520641 на Яндекс Недвижимости;https://realty.yandex.ru/offer/606290050113520641/;8
31.03.2026 22:39;Продается трехкомнатная квартира 150 м;150 ;156750000;3-комнатная квартира;9;16; Адрес: Москва, ЗАО, район Раменки, квартал Кинематографический, жилой комплекс Река-3, Клубный дом РЕКА. ; Характеристики, описание и фото объекта id 4030476149503685671 на Яндекс Недвижимости;https://realty.yandex.ru/offer/4030476149503685671/;8
31.03.2026 22:39;Продается двухкомнатная квартира 56 м;56 ;24400000;2-комнатная квартира;5;5; Адрес: Москва, улица Литвина-Седого, 2/13кВс1, ; Характеристики, описание и фото объекта id 5227772918666483273 на Яндекс Недвижимости;https://realty.yandex.ru/offer/5227772918666483273/;8
31.03.2026 22:39;Продается трехкомнатная квартира 292.7 м;292.7 ;588689984;3-комнатная квартира;82;82; Адрес: Москва, ЦАО, Пресненский район, микрорайон Камушки, ЖК Аурус Резиденции, ЖК «АУРУС Резиденции». ; Характеристики, описание и фото объекта id 3876560805550614370 на Яндекс Недвижимости;https://realty.yandex.ru/offer/3876560805550614370/;8
31.03.2026 22:39;Продается трехкомнатная квартира 76 м;76 ;43500000;3-комнатная квартира;9;28; Адрес: Москва, 2-й переулок Петра Алексеева, 5, Жилой квартал «Кутузов Град». ; Характеристики, описание и фото объекта id 5180127926972986402 на Яндекс Недвижимости;https://realty.yandex.ru/offer/5180127926972986402/;8
31.03.2026 22:39;Продается двухкомнатная квартира 58.66 м;58.7 ;33773940;2-комнатная квартира;32;45; Адрес: Москва, СВАО, Бутырский район, Квартал небоскребов Апсайд Тауэрс. ; Характеристики, описание и фото объекта id 6231228643292238613 на Яндекс Недвижимости;https://realty.yandex.ru/offer/6231228643292238613/;8
31.03.2026 22:39;Продается трехкомнатная квартира 61 м;61 ;30805000;3-комнатная квартира;4;29; Адрес: Москва, Ботаническая улица, 29, ЖК «ВЭРИ на Ботанической». ; Характеристики, описание и фото объекта id 486495961912795452 на Яндекс Недвижимости;https://realty.yandex.ru/offer/486495961912795452/;8
31.03.2026 22:39;Продается двухкомнатная квартира 59.2 м;59.2 ;35274380;2-комнатная квартира;31;43; Адрес: Москва, 2-я Хуторская улица, 34, ЖК «Симфония 34». ; Характеристики, описание и фото объекта id 7652736905821528477 на Яндекс Недвижимости;https://realty.yandex.ru/offer/7652736905821528477/;8
31.03.2026 22:39;Продается трехкомнатная квартира 70.2 м;70.2 ;29900000;3-комнатная квартира;11;14; Адрес: Москва, Судостроительная улица, 17, ЖК «Мой адрес На Судостроительной». ; Характеристики, описание и фото объекта id 7053956915240535807 на Яндекс Недвижимости;https://realty.yandex.ru/offer/7053956915240535807/;8
31.03.2026 22:39;Продается апартаменты 110 м;110 ;139900000;4-комнатные апартаменты;6;8; Адрес: Москва, Цветной бульвар, 32А, Клубный дом «Цвет32». ; Характеристики, описание и фото объекта id 4035986349848853081 на Яндекс Недвижимости;https://realty.yandex.ru/offer/4035986349848853081/;8
31.03.2026 22:40;Продается квартира 170 м;170 ;85000000;4-комнатная квартира;4;18; Адрес: Москва, Славянский бульвар, 1А, Квартал «Триумфальный». ; Характеристики, описание и фото объекта id 1285835331800475480 на Яндекс Недвижимости;https://realty.yandex.ru/offer/1285835331800475480/;8
31.03.2026 22:40;Продается двухкомнатная квартира 69.26 м;69.3 ;32621460;2-комнатная квартира;31;51; Адрес: Москва, ЖК Ультима Сити, ЖК «УЛЬТИМА Сити». ; Характеристики, описание и фото объекта id 7282691359469462484 на Яндекс Недвижимости;https://realty.yandex.ru/offer/7282691359469462484/;8
31.03.2026 22:40;Продается квартира 158 м;158 ;170000000;4-комнатная квартира;5;8; Адрес: Москва, улица Косыгина, 2к1, Дом при Академии наук. ; Характеристики, описание и фото объекта id 3938455563566313536 на Яндекс Недвижимости;https://realty.yandex.ru/offer/3938455563566313536/;8
31.03.2026 22:40;Продается двухкомнатная квартира 64.2 м;64.2 ;35900000;2-комнатная квартира;29;44; Адрес: Москва, улица Академика Волгина, 2, ЖК «Архитектор». ; Характеристики, описание и фото объекта id 5905848913180220626 на Яндекс Недвижимости;https://realty.yandex.ru/offer/5905848913180220626/;8
31.03.2026 22:40;Продается однокомнатная квартира 36 м;36 ;15742800;1-комнатная квартира;24;50; Адрес: Москва, ЖК Полар, 1.5, Полар. ; Характеристики, описание и фото объекта id 4017216401051832771 на Яндекс Недвижимости;https://realty.yandex.ru/offer/4017216401051832771/;8
31.03.2026 22:40;Продается 1-комнатные апартаменты 32.8 м;32.8 ;8300000;1-комнатные апартаменты;1;5; Адрес: Москва, Нагатинская улица, 22к2, ; Характеристики, описание и фото объекта id 5180127926973666786 на Яндекс Недвижимости;https://realty.yandex.ru/offer/5180127926973666786/;8
31.03.2026 22:40;Продается трехкомнатная квартира 78.27 м;78.3 ;45576620;3-комнатная квартира;3;10; Адрес: Москва, микрорайон Рублёво-Архангельское, ЖК СберCити, квартал В16, Район СберСити. ; Характеристики, описание и фото объекта id 3090563717789028591 на Яндекс Недвижимости;https://realty.yandex.ru/offer/3090563717789028591/;8
31.03.2026 22:40;Продается 1-комнатные апартаменты 32.5 м;32.5 ;7400000;1-комнатные апартаменты;1;9; Адрес: Москва, Уральская улица, 12/21, ; Характеристики, описание и фото объекта id 5179235881932695650 на Яндекс Недвижимости;https://realty.yandex.ru/offer/5179235881932695650/;8
31.03.2026 22:40;Продается квартира 145.9 м;145.9 ;90000000;4-комнатная квартира;3;18; Адрес: Москва, Филёвский бульвар, 24к2, ЖК «Ривер хаус». ; Характеристики, описание и фото объекта id 7035113340557126304 на Яндекс Недвижимости;https://realty.yandex.ru/offer/7035113340557126304/;8
31.03.2026 22:40;Продается однокомнатная квартира 38 м;38 ;25572860;1-комнатная квартира;22;22; Адрес: Москва, жилой комплекс Алиа, к1, Жилой район «Алиа». ; Характеристики, описание и фото объекта id 3159076283387225813 на Яндекс Недвижимости;https://realty.yandex.ru/offer/3159076283387225813/;8
31.03.2026 22:40;Продается трехкомнатная квартира 134.3 м;134.3 ;711889984;3-комнатная квартира;6;6; Адрес: Москва, Космодамианская набережная, 4/22с4, Клубный дом «Космо 4/22». ; Характеристики, описание и фото объекта id 7665459517749812090 на Яндекс Недвижимости;https://realty.yandex.ru/offer/7665459517749812090/;8
31.03.2026 22:40;Продается двухкомнатная квартира 56 м;56 ;18620108;2-комнатная квартира;15;19; Адрес: Московский, Радужная улица, 1Ак2, Город-парк «Первый Московский». ; Характеристики, описание и фото объекта id 6988527579888129108 на Яндекс Недвижимости;https://realty.yandex.ru/offer/6988527579888129108/;8
31.03.2026 22:40;Продается апартаменты-студию 51 м;51 ;13900000;апартаменты-студия;3;3; Адрес: Москва, Варшавское шоссе, 17с5, ; Характеристики, описание и фото объекта id 6160202596743166608 на Яндекс Недвижимости;https://realty.yandex.ru/offer/6160202596743166608/;8
31.03.2026 22:40;Продается двухкомнатная квартира 53.7 м;53.7 ;44000000;2-комнатная квартира;8;24; Адрес: Москва, Летниковская улица, 11к1, ЖК «ХАЙ ЛАЙФ». ; Характеристики, описание и фото объекта id 7053956941926452421 на Яндекс Недвижимости;https://realty.yandex.ru/offer/7053956941926452421/;8
31.03.2026 22:40;Продается апартаменты-студию 25.3 м;25.3 ;9400000;апартаменты-студия;2;16; Адрес: Москва, улица Академика Скрябина, 8, ; Характеристики, описание и фото объекта id 3470917268281876948 на Яндекс Недвижимости;https://realty.yandex.ru/offer/3470917268281876948/;8
31.03.2026 22:40;Продается однокомнатная квартира 28.8 м;28.8 ;21835008;1-комнатная квартира;23;26; Адрес: Москва, ЖК Ракурс, ЖК «РАКУРС». ; Характеристики, описание и фото объекта id 5227748246930415907 на Яндекс Недвижимости;https://realty.yandex.ru/offer/5227748246930415907/;8
31.03.2026 22:40;Продается однокомнатная квартира 42.3 м;42.3 ;23476500;1-комнатная квартира;32;33; Адрес: Москва, Кольская улица, 8к1, Кольская 8. ; Характеристики, описание и фото объекта id 4017216401850771626 на Яндекс Недвижимости;https://realty.yandex.ru/offer/4017216401850771626/;8
31.03.2026 22:40;Продается двухкомнатная квартира 60.6 м;60.6 ;25500000;2-комнатная квартира;18;26; Адрес: Москва, Рязанский проспект, 2/1к2Г, Квартальная застройка Sreda. ; Характеристики, описание и фото объекта id 5180127926973726244 на Яндекс Недвижимости;https://realty.yandex.ru/offer/5180127926973726244/;8
31.03.2026 22:41;Продается двухкомнатная квартира 60.4 м;60.4 ;21000000;2-комнатная квартира;10;17; Адрес: Москва, Братеевская улица, 16к1, ; Характеристики, описание и фото объекта id 3938452234512213801 на Яндекс Недвижимости;https://realty.yandex.ru/offer/3938452234512213801/;8
31.03.2026 22:41;Продается трехкомнатная квартира 74.4 м;74.4 ;35850000;3-комнатная квартира;6;8; Адрес: Москва, улица Павла Андреева, 28к4, ; Характеристики, описание и фото объекта id 8596275683898003831 на Яндекс Недвижимости;https://realty.yandex.ru/offer/8596275683898003831/;8
31.03.2026 22:41;Продается квартира 140.1 м;140.1 ;346000000;4-комнатная квартира;9;12; Адрес: Москва, улица Ефремова, 10с1, Микрорайон «Садовые Кварталы». ; Характеристики, описание и фото объекта id 4805508911743305482 на Яндекс Недвижимости;https://realty.yandex.ru/offer/4805508911743305482/;8
31.03.2026 22:41;Продается трехкомнатная квартира 71.3 м;71.3 ;40526920;3-комнатная квартира;13;13; Адрес: Москва, микрорайон Очаково, ЖК Среда на Лобачевского, к5.1, Среда на Лобачевского. ; Характеристики, описание и фото объекта id 3962039623798964315 на Яндекс Недвижимости;https://realty.yandex.ru/offer/3962039623798964315/;8
31.03.2026 22:41;Продается двухкомнатная квартира 42.4 м;42.4 ;29969432;2-комнатная квартира;23;35; Адрес: Москва, ЖК Родина Парк, к1, ЖК «Родина Парк». ; Характеристики, описание и фото объекта id 3190558370547186571 на Яндекс Недвижимости;https://realty.yandex.ru/offer/3190558370547186571/;8
31.03.2026 22:41;Продается однокомнатная квартира 48 м;48 ;8530000;1-комнатная квартира;3;3; Адрес: Москва, ТАО, район Бекасово, улица Генерала Донскова, 27к3, Жилой район «Борисоглебское». ; Характеристики, описание и фото объекта id 7567124064559749612 на Яндекс Недвижимости;https://realty.yandex.ru/offer/7567124064559749612/;8
31.03.2026 22:41;Продается однокомнатная квартира 47.78 м;47.8 ;30244740;1-комнатная квартира;28;30; Адрес: Москва, ЗАО, район Кунцево, 48-й квартал, ЖК Среда на Кутузовском, к5, ЖК «Среда на Кутузовском». ; Характеристики, описание и фото объекта id 3961376157108992425 на Яндекс Недвижимости;https://realty.yandex.ru/offer/3961376157108992425/;8
31.03.2026 22:41;Продается трехкомнатная квартира 68.3 м;68.3 ;28999000;3-комнатная квартира;5;8; Адрес: Москва, Ломоносовский проспект, 34, ; Характеристики, описание и фото объекта id 7035113340557147355 на Яндекс Недвижимости;https://realty.yandex.ru/offer/7035113340557147355/;8
31.03.2026 22:41;Продается трехкомнатная квартира 85.5 м;85.5 ;37243800;3-комнатная квартира;3;14; Адрес: Москва, жилой комплекс Матвеевский Парк, 4.8, Матвеевский парк. ; Характеристики, описание и фото объекта id 4017216401904400294 на Яндекс Недвижимости;https://realty.yandex.ru/offer/4017216401904400294/;8
31.03.2026 22:41;Продается квартира 260.1 м;260.1 ;200000000;6-комнатная квартира;8;11; Адрес: Москва, Краснопресненская набережная, 2/1, ; Характеристики, описание и фото объекта id 4805508911742379944 на Яндекс Недвижимости;https://realty.yandex.ru/offer/4805508911742379944/;8
31.03.2026 22:41;Продается 2-комнатные апартаменты 35.33 м;35.3 ;13961585;2-комнатные апартаменты;24;25; Адрес: Москва, Окружной проезд, 10Б, Апарт-комплекс «Измайловский парк». ; Характеристики, описание и фото объекта id 6152397556317264805 на Яндекс Недвижимости;https://realty.yandex.ru/offer/6152397556317264805/;8
31.03.2026 22:41;Продается квартира 115.1 м;115.1 ;105627272;4-комнатная квартира;7;37; Адрес: Москва, Ленинградский проспект, вл8, ЖК «Слава». ; Характеристики, описание и фото объекта id 9020643770637936284 на Яндекс Недвижимости;https://realty.yandex.ru/offer/9020643770637936284/;8
31.03.2026 22:41;Продается трехкомнатная квартира 104 м;104 ;49954320;3-комнатная квартира;25;49; Адрес: Москва, ВАО, район Сокольники, ЖК «Солос». ; Характеристики, описание и фото объекта id 5228381912133627293 на Яндекс Недвижимости;https://realty.yandex.ru/offer/5228381912133627293/;8
31.03.2026 22:41;Продается квартира-студию 23.7 м;23.7 ;8350000;квартира-студия;5;13; Адрес: Москва, НАО, район Щербинка, Алхимовская улица, 1к4, ЖК «Алхимово». ; Характеристики, описание и фото объекта id 8756510246962306674 на Яндекс Недвижимости;https://realty.yandex.ru/offer/8756510246962306674/;8
31.03.2026 22:41;Продается 1-комнатные апартаменты 36.6 м;36.6 ;7759200;1-комнатные апартаменты;6;17; Адрес: посёлок городского типа Новоивановское, Западная улица, 85, Апарт-комплекс «М1 Сколково». ; Характеристики, описание и фото объекта id 7771157069836776674 на Яндекс Недвижимости;https://realty.yandex.ru/offer/7771157069836776674/;8
31.03.2026 22:41;Продается трехкомнатная квартира 60.5 м;60.5 ;29850000;3-комнатная квартира;7;9; Адрес: Москва, Зоологическая улица, 32, ; Характеристики, описание и фото объекта id 8756510268060145713 на Яндекс Недвижимости;https://realty.yandex.ru/offer/8756510268060145713/;8
31.03.2026 22:41;Продается трехкомнатная квартира 75.1 м;75.1 ;34000000;3-комнатная квартира;9;16; Адрес: Москва, Можайское шоссе, 4к1, ; Характеристики, описание и фото объекта id 7035113340557126177 на Яндекс Недвижимости;https://realty.yandex.ru/offer/7035113340557126177/;8
31.03.2026 22:41;Продается трехкомнатная квартира 82 м;82 ;32000000;3-комнатная квартира;10;30; Адрес: Москва, Шмитовский проезд, 39к2, ЖК Headliner. ; Характеристики, описание и фото объекта id 7567888441305037951 на Яндекс Недвижимости;https://realty.yandex.ru/offer/7567888441305037951/;8
31.03.2026 22:41;Продается трехкомнатная квартира 115 м;115 ;41800000;3-комнатная квартира;7;18; Адрес: Москва, Кировоградская улица, 9к3, ; Характеристики, описание и фото объекта id 8756510212124502732 на Яндекс Недвижимости;https://realty.yandex.ru/offer/8756510212124502732/;8
31.03.2026 22:42;Продается однокомнатная квартира 35.4 м;35.4 ;6390000;1-комнатная квартира;1;4; Адрес: деревня Митькино, жилой комплекс Жаворонки Клаб, к4, ЖК «Жаворонки Клаб». ; Характеристики, описание и фото объекта id 1383647541221098951 на Яндекс Недвижимости;https://realty.yandex.ru/offer/1383647541221098951/;8
31.03.2026 22:42;Продается двухкомнатная квартира 50 м;50 ;11475000;2-комнатная квартира;2;17; Адрес: посёлок городского типа Бутово, жилой комплекс Бутово Парк, 9, Микрорайон «Бутово парк». ; Характеристики, описание и фото объекта id 4406193287394219256 на Яндекс Недвижимости;https://realty.yandex.ru/offer/4406193287394219256/;8
31.03.2026 22:42;Продается двухкомнатная квартира 49.5 м;49.5 ;41500000;2-комнатная квартира;13;44; Адрес: Москва, Ходынская улица, 2, МФК «Пресня Сити». ; Характеристики, описание и фото объекта id 7053956915961689275 на Яндекс Недвижимости;https://realty.yandex.ru/offer/7053956915961689275/;8
31.03.2026 22:42;Продается трехкомнатная квартира 149.9 м;149.9 ;125000000;3-комнатная квартира;3;13; Адрес: Москва, Большая Грузинская улица, 19, ; Характеристики, описание и фото объекта id 3960449229829079070 на Яндекс Недвижимости;https://realty.yandex.ru/offer/3960449229829079070/;8
31.03.2026 22:42;Продается квартира 132.4 м;132.4 ;160761776;4-комнатная квартира;39;45; Адрес: Москва, Кутузовский проезд, 16А/1, ЖК «Ривер Парк Кутузовский». ; Характеристики, описание и фото объекта id 5513960850204306118 на Яндекс Недвижимости;https://realty.yandex.ru/offer/5513960850204306118/;8
31.03.2026 22:42;Продается двухкомнатная квартира 63 м;63 ;15000000;2-комнатная квартира;18;22; Адрес: посёлок городского типа Бутово, жилой комплекс Бутово Парк, 23к2, Микрорайон «Бутово парк». ; Характеристики, описание и фото объекта id 7053956915247859618 на Яндекс Недвижимости;https://realty.yandex.ru/offer/7053956915247859618/;8
31.03.2026 22:42;Продается трехкомнатная квартира 57.4 м;57.4 ;34138024;3-комнатная квартира;14;28; Адрес: Москва, жилой комплекс Интеллигент, ЖК «Интеллигент». ; Характеристики, описание и фото объекта id 8780908611821188707 на Яндекс Недвижимости;https://realty.yandex.ru/offer/8780908611821188707/;8
31.03.2026 22:42;Продается трехкомнатная квартира 96.24 м;96.2 ;32712698;3-комнатная квартира;2;27; Адрес: Москва, Волоколамское шоссе, 95/1к6, ЖК «Сити Бэй». ; Характеристики, описание и фото объекта id 6441676395797880856 на Яндекс Недвижимости;https://realty.yandex.ru/offer/6441676395797880856/;8
31.03.2026 22:42;Продается двухкомнатная квартира 64.64 м;64.6 ;38958076;2-комнатная квартира;3;17; Адрес: Москва, ЖК Мира, ЖК «МИРА». ; Характеристики, описание и фото объекта id 3138086599229175200 на Яндекс Недвижимости;https://realty.yandex.ru/offer/3138086599229175200/;8
31.03.2026 22:42;Продается квартира 82.58 м;82.6 ;39924888;4-комнатная квартира;28;32; Адрес: Москва, ЖК Гранель Коломенское, ЖК «Гранель Коломенское». ; Характеристики, описание и фото объекта id 5226951667114243208 на Яндекс Недвижимости;https://realty.yandex.ru/offer/5226951667114243208/;8
31.03.2026 22:42;Продается трехкомнатная квартира 93 м;93 ;47000000;3-комнатная квартира;5;9; Адрес: Москва, Бережковская набережная, 12, ; Характеристики, описание и фото объекта id 3938452234512363717 на Яндекс Недвижимости;https://realty.yandex.ru/offer/3938452234512363717/;8
31.03.2026 22:42;Продается квартира-студию 23 м;23 ;6300000;квартира-студия;24;25; Адрес: посёлок городского типа Путилково, Сходненская улица, 15, Путилково. ; Характеристики, описание и фото объекта id 5198510156825418306 на Яндекс Недвижимости;https://realty.yandex.ru/offer/5198510156825418306/;8
31.03.2026 22:42;Продается квартира 206 м;206 ;140000000;6-комнатная квартира;4;6; Адрес: Москва, Андреевская набережная, 1с4, ЖК Green Hills. ; Характеристики, описание и фото объекта id 5228459389428245397 на Яндекс Недвижимости;https://realty.yandex.ru/offer/5228459389428245397/;8
31.03.2026 22:42;Продается двухкомнатная квартира 55.7 м;55.7 ;18447840;2-комнатная квартира;4;16; Адрес: Москва, ЖК Бунинская Набережная, 2.6/1.1, Бунинская набережная. ; Характеристики, описание и фото объекта id 4017216401934815943 на Яндекс Недвижимости;https://realty.yandex.ru/offer/4017216401934815943/;8
31.03.2026 22:42;Продается трехкомнатная квартира 77.83 м;77.8 ;46357804;3-комнатная квартира;23;49; Адрес: Москва, ЖК Тате, ЖК «ТАТЕ». ; Характеристики, описание и фото объекта id 5208394216788503638 на Яндекс Недвижимости;https://realty.yandex.ru/offer/5208394216788503638/;8
31.03.2026 22:42;Продается трехкомнатная квартира 126 м;126 ;139000000;3-комнатная квартира;3;6; Адрес: Москва, Садовническая набережная, 7, МФК «Balchug Viewpoint». ; Характеристики, описание и фото объекта id 7567071405444796278 на Яндекс Недвижимости;https://realty.yandex.ru/offer/7567071405444796278/;8
31.03.2026 22:43;Продается двухкомнатная квартира 66.1 м;66.1 ;41295248;2-комнатная квартира;27;49; Адрес: Москва, ЖК Первый Нагатинский, Квартал «Первый Нагатинский». ; Характеристики, описание и фото объекта id 8522441743989609812 на Яндекс Недвижимости;https://realty.yandex.ru/offer/8522441743989609812/;8
31.03.2026 22:43;Продается квартира-студию 45.5 м;45.5 ;33356452;квартира-студия;21;25; Адрес: Москва, улица Академика Челомея, 1А, Клубный квартал AFI Park «Воронцовский». ; Характеристики, описание и фото объекта id 5400146522275603684 на Яндекс Недвижимости;https://realty.yandex.ru/offer/5400146522275603684/;8
31.03.2026 22:43;Продается 2-комнатные апартаменты 64.52 м;64.5 ;17605468;2-комнатные апартаменты;20;23; Адрес: Москва, НАО, район Коммунарка, многофункциональный комплекс Тропарево Парк, к2.2, МФК «Тропарево Парк». ; Характеристики, описание и фото объекта id 2875426617851695739 на Яндекс Недвижимости;https://realty.yandex.ru/offer/2875426617851695739/;8
31.03.2026 22:43;Продается двухкомнатная квартира 71.1 м;71.1 ;44586808;2-комнатная квартира;27;40; Адрес: Москва, жилой комплекс Моментс, к2.3, ЖК «МОМЕНТС». ; Характеристики, описание и фото объекта id 3940749867773056758 на Яндекс Недвижимости;https://realty.yandex.ru/offer/3940749867773056758/;8
31.03.2026 22:43;Продается однокомнатная квартира 40.79 м;40.8 ;10695179;1-комнатная квартира;8;12; Адрес: Москва, НАО, район Щербинка, квартал № 103, ЖК Подольские Кварталы, к3, ЖК «Подольские Кварталы». ; Характеристики, описание и фото объекта id 3300753345391936298 на Яндекс Недвижимости;https://realty.yandex.ru/offer/3300753345391936298/;8
31.03.2026 22:43;Продается двухкомнатная квартира 66.6 м;66.6 ;19706940;2-комнатная квартира;13;17; Адрес: Москва, ш. Варшавское, Никольские луга. ; Характеристики, описание и фото объекта id 8434519527353218978 на Яндекс Недвижимости;https://realty.yandex.ru/offer/8434519527353218978/;8
31.03.2026 22:43;Продается трехкомнатная квартира 79 м;79 ;44900000;3-комнатная квартира;9;9; Адрес: Москва, Кутузовский проспект, 8, ; Характеристики, описание и фото объекта id 5228459389428246361 на Яндекс Недвижимости;https://realty.yandex.ru/offer/5228459389428246361/;8
31.03.2026 22:43;Продается трехкомнатная квартира 73.9 м;73.9 ;39765592;3-комнатная квартира;3;7; Адрес: Москва, ЖК Пейв, Квартал «ПЕЙВ». ; Характеристики, описание и фото объекта id 6377851622377021250 на Яндекс Недвижимости;https://realty.yandex.ru/offer/6377851622377021250/;8
31.03.2026 22:43;Продается квартира 109.5 м;109.5 ;44644464;4-комнатная квартира;29;30; Адрес: Москва, ЖК Ситидзен, к1, Мультиквартал «СИТИДЗЕН». ; Характеристики, описание и фото объекта id 8336892402428950399 на Яндекс Недвижимости;https://realty.yandex.ru/offer/8336892402428950399/;8
31.03.2026 22:43;Продается трехкомнатная квартира 247.8 м;247.8 ;628024320;3-комнатная квартира;5;6; Адрес: Москва, Софийская набережная, 18, ЖК «ЗОЛОТОЙ жилой квартал». ; Характеристики, описание и фото объекта id 2967407136736039732 на Яндекс Недвижимости;https://realty.yandex.ru/offer/2967407136736039732/;8
31.03.2026 22:43;Продается однокомнатная квартира 50.2 м;50.2 ;30120000;1-комнатная квартира;11;28; Адрес: Москва, 2-й Хорошёвский проезд, 7с7, ЖК SEZAR CITY. ; Характеристики, описание и фото объекта id 6577256530871768268 на Яндекс Недвижимости;https://realty.yandex.ru/offer/6577256530871768268/;8
31.03.2026 22:43;Продается двухкомнатная квартира 59 м;59 ;23889100;2-комнатная квартира;2;18; Адрес: Москва, ЖК Онежский Вал, Онежский вал. ; Характеристики, описание и фото объекта id 4017216401854558829 на Яндекс Недвижимости;https://realty.yandex.ru/offer/4017216401854558829/;8
31.03.2026 22:43;Продается однокомнатная квартира 43.18 м;43.2 ;25309724;1-комнатная квартира;24;27; Адрес: Москва, СЗАО, район Хорошёво-Мнёвники, 88-й квартал, ЖК «Мнёвники от Гранель». ; Характеристики, описание и фото объекта id 5226951667115874831 на Яндекс Недвижимости;https://realty.yandex.ru/offer/5226951667115874831/;8
31.03.2026 22:43;Продается апартаменты-студию 14.3 м;14.3 ;4990000;апартаменты-студия;1;8; Адрес: Москва, 2-й Карачаровский проезд, 2, ; Характеристики, описание и фото объекта id 3938452234512211132 на Яндекс Недвижимости;https://realty.yandex.ru/offer/3938452234512211132/;8
31.03.2026 22:43;Продается квартира 183.1 м;183.1 ;108160000;5-комнатная квартира;11;19; Адрес: Москва, улица Эдуарда Стрельцова, 2к1, Квартал Foriver. ; Характеристики, описание и фото объекта id 3922755455572145894 на Яндекс Недвижимости;https://realty.yandex.ru/offer/3922755455572145894/;8
31.03.2026 22:43;Продается квартира 167.5 м;167.5 ;130000000;4-комнатная квартира;5;6; Адрес: Москва, улица Большая Ордынка, 67, ; Характеристики, описание и фото объекта id 1396823674431651098 на Яндекс Недвижимости;https://realty.yandex.ru/offer/1396823674431651098/;8
31.03.2026 22:43;Продается 2-комнатные апартаменты 60 м;60 ;15490000;2-комнатные апартаменты;2;2; Адрес: Москва, Нагорная улица, 5с4, ; Характеристики, описание и фото объекта id 7053956940834132709 на Яндекс Недвижимости;https://realty.yandex.ru/offer/7053956940834132709/;8
31.03.2026 22:43;Продается двухкомнатная квартира 60.1 м;60.1 ;27183144;2-комнатная квартира;19;25; Адрес: Москва, Тагильская улица, 2к1, ЖК «Сиреневый парк». ; Характеристики, описание и фото объекта id 7567093578836754632 на Яндекс Недвижимости;https://realty.yandex.ru/offer/7567093578836754632/;8
31.03.2026 22:43;Продается апартаменты 273.6 м;273.6 ;1056659968;5-комнатные апартаменты;5;5; Адрес: Москва, ЦАО, Тверской район, ЖК Ильинка 3/8, Клубные особняки «Ильинка 3/8». ; Характеристики, описание и фото объекта id 6196020375068817404 на Яндекс Недвижимости;https://realty.yandex.ru/offer/6196020375068817404/;8
31.03.2026 22:44;Продается двухкомнатная квартира 70.6 м;70.6 ;25500000;2-комнатная квартира;3;6; Адрес: Москва, Большая Серпуховская улица, 31к2, ; Характеристики, описание и фото объекта id 5396903516511464961 на Яндекс Недвижимости;https://realty.yandex.ru/offer/5396903516511464961/;8
31.03.2026 22:44;Продается двухкомнатная квартира 40 м;40 ;12900000;2-комнатная квартира;3;5; Адрес: Москва, Ярославская улица, 17, ; Характеристики, описание и фото объекта id 5226954973063398518 на Яндекс Недвижимости;https://realty.yandex.ru/offer/5226954973063398518/;8
31.03.2026 22:44;Продается трехкомнатная квартира 60.56 м;60.6 ;29915180;3-комнатная квартира;22;32; Адрес: Москва, САО, район Западное Дегунино, ЖК «Тринити». ; Характеристики, описание и фото объекта id 5226951667112155054 на Яндекс Недвижимости;https://realty.yandex.ru/offer/5226951667112155054/;8
31.03.2026 22:44;Продается трехкомнатная квартира 136.5 м;136.5 ;156000000;3-комнатная квартира;3;8; Адрес: Москва, улица Знаменка, 13с1, ; Характеристики, описание и фото объекта id 4035986349848878931 на Яндекс Недвижимости;https://realty.yandex.ru/offer/4035986349848878931/;8
31.03.2026 22:44;Продается трехкомнатная квартира 80.1 м;80.1 ;59193900;3-комнатная квартира;2;17; Адрес: Москва, Мичуринский проспект, вл30Б, ЖК «Легаси». ; Характеристики, описание и фото объекта id 5515573669954432436 на Яндекс Недвижимости;https://realty.yandex.ru/offer/5515573669954432436/;8
31.03.2026 22:44;Продается трехкомнатная квартира 74 м;74 ;25000000;3-комнатная квартира;7;17; Адрес: Москва, Привольная улица, 27к2, ; Характеристики, описание и фото объекта id 1673966682552991233 на Яндекс Недвижимости;https://realty.yandex.ru/offer/1673966682552991233/;8
31.03.2026 22:44;Продается двухкомнатная квартира 52.9 м;52.9 ;29787990;2-комнатная квартира;2;24; Адрес: Москва, жилой комплекс Холланд Парк, Холланд парк. ; Характеристики, описание и фото объекта id 4017216401825838291 на Яндекс Недвижимости;https://realty.yandex.ru/offer/4017216401825838291/;8
31.03.2026 22:44;Продается 1-комнатные апартаменты 50 м;50 ;10250000;1-комнатные апартаменты;2;7; Адрес: Москва, Варшавское шоссе, 125с1, ; Характеристики, описание и фото объекта id 7053956915960881166 на Яндекс Недвижимости;https://realty.yandex.ru/offer/7053956915960881166/;8
31.03.2026 22:44;Продается квартира 264 м;264 ;250000000;6-комнатная квартира;7;7; Адрес: Москва, Малая Никитская улица, 16/5, ; Характеристики, описание и фото объекта id 5179313443541921888 на Яндекс Недвижимости;https://realty.yandex.ru/offer/5179313443541921888/;8
31.03.2026 22:44;Продается квартира 131.8 м;131.8 ;101354200;4-комнатная квартира;6;35; Адрес: Москва, Ленинградский проспект, 37/8, Квартал Prime Park. ; Характеристики, описание и фото объекта id 2292554527865924035 на Яндекс Недвижимости;https://realty.yandex.ru/offer/2292554527865924035/;8
31.03.2026 22:44;Продается однокомнатная квартира 35 м;35 ;9000000;1-комнатная квартира;5;17; Адрес: Химки, улица Германа Титова, 8, ЖК «Солнечная система-2». ; Характеристики, описание и фото объекта id 3961344737879028391 на Яндекс Недвижимости;https://realty.yandex.ru/offer/3961344737879028391/;8
31.03.2026 22:44;Продается 3-комнатные апартаменты 52.1 м;52.1 ;24976740;3-комнатные апартаменты;7;27; Адрес: Москва, 2-й Силикатный проезд, вл8, Эмоушн. ; Характеристики, описание и фото объекта id 6202339441215438560 на Яндекс Недвижимости;https://realty.yandex.ru/offer/6202339441215438560/;8
31.03.2026 22:44;Продается трехкомнатная квартира 85.1 м;85.1 ;36000000;3-комнатная квартира;8;31; Адрес: Москва, Аминьевское шоссе, 4Дк3литВ, ЖК «Вестердам». ; Характеристики, описание и фото объекта id 445980580603325586 на Яндекс Недвижимости;https://realty.yandex.ru/offer/445980580603325586/;8
31.03.2026 22:44;Продается двухкомнатная квартира 82.2 м;82.2 ;42301440;2-комнатная квартира;2;20; Адрес: Москва, ЖК Северный Порт, ЖК «Северный порт. Береговые кварталы». ; Характеристики, описание и фото объекта id 5061791958516892507 на Яндекс Недвижимости;https://realty.yandex.ru/offer/5061791958516892507/;8
31.03.2026 22:44;Продается трехкомнатная квартира 217.7 м;217.7 ;653100032;3-комнатная квартира;5;7; Адрес: Москва, Староваганьковский переулок, 17с4, Жилой дом «Кло 17». ; Характеристики, описание и фото объекта id 245690826502374526 на Яндекс Недвижимости;https://realty.yandex.ru/offer/245690826502374526/;8
31.03.2026 22:44;Продается двухкомнатная квартира 68.15 м;68.2 ;45980724;2-комнатная квартира;16;24; Адрес: Москва, ЦАО, район Замоскворечье, ЖК «Павелецкая от Гранель». ; Характеристики, описание и фото объекта id 5226951667116857934 на Яндекс Недвижимости;https://realty.yandex.ru/offer/5226951667116857934/;8
31.03.2026 22:44;Продается двухкомнатная квартира 40.7 м;40.7 ;21367500;2-комнатная квартира;2;29; Адрес: Москва, Ботаническая улица, 29, ЖК «ВЭРИ на Ботанической». ; Характеристики, описание и фото объекта id 7487132601068235741 на Яндекс Недвижимости;https://realty.yandex.ru/offer/7487132601068235741/;8
31.03.2026 22:44;Продается квартира 311 м;311 ;250000000;5-комнатная квартира;20;24; Адрес: Москва, улица Шаболовка, 23к3, ЖК «Созвездие Капитал-1». ; Характеристики, описание и фото объекта id 5179313443541925831 на Яндекс Недвижимости;https://realty.yandex.ru/offer/5179313443541925831/;8
31.03.2026 22:45;Продается двухкомнатная квартира 76.1 м;76.1 ;15800000;2-комнатная квартира;2;34; Адрес: Москва, улица Исаковского, 39к1, ЖК «Олимпия». ; Характеристики, описание и фото объекта id 7596195277109811457 на Яндекс Недвижимости;https://realty.yandex.ru/offer/7596195277109811457/;8
31.03.2026 22:45;Продается двухкомнатная квартира 55 м;55 ;25000000;2-комнатная квартира;4;18; Адрес: Москва, 3-я Филёвская улица, 8к4, ; Характеристики, описание и фото объекта id 4621192613193000496 на Яндекс Недвижимости;https://realty.yandex.ru/offer/4621192613193000496/;8
31.03.2026 22:45;Продается квартира 434.6 м;434.6 ;849208384;5-комнатная квартира;11;11; Адрес: Москва, Дербеневская набережная, 27с24, Клубный дом «ОПУС». ; Характеристики, описание и фото объекта id 4768422148127098511 на Яндекс Недвижимости;https://realty.yandex.ru/offer/4768422148127098511/;8
31.03.2026 22:45;Продается апартаменты-студию 20.2 м;20.2 ;6499000;апартаменты-студия;1;5; Адрес: Москва, переулок Сивцев Вражек, 35, ; Характеристики, описание и фото объекта id 5227565616455357384 на Яндекс Недвижимости;https://realty.yandex.ru/offer/5227565616455357384/;8
31.03.2026 22:45;Продается двухкомнатная квартира 53.95 м;54 ;14461783;2-комнатная квартира;7;12; Адрес: село Остафьево, ЖК Остафьево, к20, ЖК «Остафьево». ; Характеристики, описание и фото объекта id 7683968095297188030 на Яндекс Недвижимости;https://realty.yandex.ru/offer/7683968095297188030/;8
31.03.2026 22:45;Продается апартаменты-студию 24.5 м;24.5 ;15876000;апартаменты-студия;15;27; Адрес: Москва, 2-й Силикатный проезд, вл8, Эмоушн. ; Характеристики, описание и фото объекта id 6202339441235522306 на Яндекс Недвижимости;https://realty.yandex.ru/offer/6202339441235522306/;8
31.03.2026 22:45;Продается двухкомнатная квартира 65.1 м;65.1 ;21871648;2-комнатная квартира;16;30; Адрес: Москва, НАО, район Коммунарка, проспект Куприна, ЖК «Новые Смыслы». ; Характеристики, описание и фото объекта id 6015679993717536319 на Яндекс Недвижимости;https://realty.yandex.ru/offer/6015679993717536319/;8
31.03.2026 22:45;Продается трехкомнатная квартира 74.4 м;74.4 ;36203040;3-комнатная квартира;2;23; Адрес: Москва, улица Добролюбова, 8к1, Руставели 14. ; Характеристики, описание и фото объекта id 4017216401905226691 на Яндекс Недвижимости;https://realty.yandex.ru/offer/4017216401905226691/;8
31.03.2026 22:45;Продается трехкомнатная квартира 80.8 м;80.8 ;61246400;3-комнатная квартира;16;34; Адрес: Москва, улица Демьяна Бедного, вл24, ЖК «Высотка на Жукова». ; Характеристики, описание и фото объекта id 1694903191200090452 на Яндекс Недвижимости;https://realty.yandex.ru/offer/1694903191200090452/;8
31.03.2026 22:45;Продается трехкомнатная квартира 91.5 м;91.5 ;37720000;3-комнатная квартира;28;30; Адрес: Москва, улица Петра Алексеева, 14, Жилой квартал «Кутузов Град». ; Характеристики, описание и фото объекта id 489660424904344626 на Яндекс Недвижимости;https://realty.yandex.ru/offer/489660424904344626/;8
31.03.2026 22:45;Продается 2-комнатные апартаменты 76.3 м;76.3 ;64739408;2-комнатные апартаменты;4;20; Адрес: Москва, Дружинниковская улица, 15А, Апарт-комплекс Sky View. ; Характеристики, описание и фото объекта id 6325502072188891660 на Яндекс Недвижимости;https://realty.yandex.ru/offer/6325502072188891660/;8
31.03.2026 22:45;Продается квартира-студию 35.7 м;35.7 ;51129540;квартира-студия;37;90; Адрес: Москва, 1-й Красногвардейский проезд, 13, ЖК «Оне». ; Характеристики, описание и фото объекта id 140437422135251391 на Яндекс Недвижимости;https://realty.yandex.ru/offer/140437422135251391/;8
31.03.2026 22:45;Продается 2-комнатные апартаменты 150.9 м;150.9 ;182280000;2-комнатные апартаменты;21;21; Адрес: Москва, площадь Курского Вокзала, 1, ЖК «Дом Chkalov». ; Характеристики, описание и фото объекта id 2967407060409860063 на Яндекс Недвижимости;https://realty.yandex.ru/offer/2967407060409860063/;8
31.03.2026 22:45;Продается 1-комнатные апартаменты 36 м;36 ;16400000;1-комнатные апартаменты;3;15; Адрес: Москва, Ходынский бульвар, 20А, Апарт-комплекс «Лайнер». ; Характеристики, описание и фото объекта id 5180127926972954623 на Яндекс Недвижимости;https://realty.yandex.ru/offer/5180127926972954623/;8
31.03.2026 22:45;Продается двухкомнатная квартира 45 м;45 ;12463000;2-комнатная квартира;1;9; Адрес: Москва, шоссе Энтузиастов, 94к4, ; Характеристики, описание и фото объекта id 9137391780223276418 на Яндекс Недвижимости;https://realty.yandex.ru/offer/9137391780223276418/;8
31.03.2026 22:45;Продается трехкомнатная квартира 94.7 м;94.7 ;47177648;3-комнатная квартира;11;27; Адрес: Москва, ЖК Обручева 27, ЖК «ТАТУМ». ; Характеристики, описание и фото объекта id 7041743711704062308 на Яндекс Недвижимости;https://realty.yandex.ru/offer/7041743711704062308/;8
31.03.2026 22:45;Продается трехкомнатная квартира 135.5 м;135.5 ;63000000;3-комнатная квартира;37;47; Адрес: Москва, Мосфильмовская улица, 70к1, Квартал «Воробьевы Горы». ; Характеристики, описание и фото объекта id 7053956917993457632 на Яндекс Недвижимости;https://realty.yandex.ru/offer/7053956917993457632/;8
31.03.2026 22:45;Продается квартира 110.8 м;110.8 ;115657768;4-комнатная квартира;36;43; Адрес: Москва, ЮАО, Даниловский район, Дом «ЛОТ от Аквилон». ; Характеристики, описание и фото объекта id 8617308361342257112 на Яндекс Недвижимости;https://realty.yandex.ru/offer/8617308361342257112/;8
31.03.2026 22:46;Продается двухкомнатная квартира 55 м;55 ;27582096;2-комнатная квартира;18;52; Адрес: Москва, проспект Генерала Дорохова, 49, ЖК WILL TOWERS. ; Характеристики, описание и фото объекта id 5514034122873154820 на Яндекс Недвижимости;https://realty.yandex.ru/offer/5514034122873154820/;8
31.03.2026 22:46;Продается однокомнатная квартира 42.7 м;42.7 ;10300000;1-комнатная квартира;15;24; Адрес: посёлок Битца, жилой комплекс Южная Битца, Южный бульвар, 4, ЖК «Южная Битца». ; Характеристики, описание и фото объекта id 3744807548081101042 на Яндекс Недвижимости;https://realty.yandex.ru/offer/3744807548081101042/;8
31.03.2026 22:46;Продается однокомнатная квартира 38.9 м;38.9 ;17000000;1-комнатная квартира;17;42; Адрес: Москва, Строительный проезд, 9к1, ЖК «Скай Гарден». ; Характеристики, описание и фото объекта id 7053956915217388138 на Яндекс Недвижимости;https://realty.yandex.ru/offer/7053956915217388138/;8
31.03.2026 22:46;Продается двухкомнатная квартира 62.1 м;62.1 ;35017392;2-комнатная квартира;23;36; Адрес: Москва, Шмитовский проезд, 40, ЖК «Шелепиха». ; Характеристики, описание и фото объекта id 2617436934979163623 на Яндекс Недвижимости;https://realty.yandex.ru/offer/2617436934979163623/;8
31.03.2026 22:46;Продается 2-комнатные апартаменты 60 м;60 ;24990000;2-комнатные апартаменты;2;5; Адрес: Москва, Новочерёмушкинская улица, 58, Клубный дом «VIVALDI». ; Характеристики, описание и фото объекта id 3938452234512212996 на Яндекс Недвижимости;https://realty.yandex.ru/offer/3938452234512212996/;8
31.03.2026 22:46;Продается квартира 71 м;71 ;49900000;4-комнатная квартира;3;5; Адрес: Москва, улица Новый Арбат, 25, ; Характеристики, описание и фото объекта id 7688777237531136701 на Яндекс Недвижимости;https://realty.yandex.ru/offer/7688777237531136701/;8
31.03.2026 22:46;Продается двухкомнатная квартира 61.6 м;61.6 ;36664320;2-комнатная квартира;24;54; Адрес: Москва, 2-я Хуторская улица, 34, ЖК «Симфония 34». ; Характеристики, описание и фото объекта id 4764902653410322279 на Яндекс Недвижимости;https://realty.yandex.ru/offer/4764902653410322279/;8
31.03.2026 22:46;Продается двухкомнатная квартира 80 м;80 ;59360000;2-комнатная квартира;10;34; Адрес: Москва, улица Демьяна Бедного, вл24, ЖК «Высотка на Жукова». ; Характеристики, описание и фото объекта id 1694903191200088553 на Яндекс Недвижимости;https://realty.yandex.ru/offer/1694903191200088553/;8
31.03.2026 22:46;Продается квартира-студию 28.1 м;28.1 ;13513290;квартира-студия;13;17; Адрес: Москва, Проектируемый проезд № 1286, Лосиноостровский парк. ; Характеристики, описание и фото объекта id 4017216401908151783 на Яндекс Недвижимости;https://realty.yandex.ru/offer/4017216401908151783/;8
31.03.2026 22:46;Продается апартаменты 485 м;485 ;788128832;6-комнатные апартаменты;1;4; Адрес: Москва, Островной проезд, 1, Апарт-отель «Остров фантазий». ; Характеристики, описание и фото объекта id 5228459389428157892 на Яндекс Недвижимости;https://realty.yandex.ru/offer/5228459389428157892/;8
31.03.2026 22:46;Продается однокомнатная квартира 33.6 м;33.6 ;14747040;1-комнатная квартира;19;25; Адрес: Москва, ЖК Люблинский Парк, к18-20, Люблинский парк. ; Характеристики, описание и фото объекта id 4017216401934868825 на Яндекс Недвижимости;https://realty.yandex.ru/offer/4017216401934868825/;8
31.03.2026 22:46;Продается однокомнатная квартира от собственника 39.6 м;39.6 ;10000000;1-комнатная квартира;1;12; Адрес: Москва, Загорьевский проезд, 7к2, ; Характеристики, описание и фото объекта id 6178891099883278337 на Яндекс Недвижимости;https://realty.yandex.ru/offer/6178891099883278337/;8
31.03.2026 22:46;Продается квартира 127.6 м;127.6 ;90949120;4-комнатная квартира;14;23; Адрес: Москва, СВАО, район Ростокино, ЖК Союз, к5, ЖК «СОЮЗ». ; Характеристики, описание и фото объекта id 5176301423442024252 на Яндекс Недвижимости;https://realty.yandex.ru/offer/5176301423442024252/;8
31.03.2026 22:46;Продается двухкомнатная квартира 50.3 м;50.3 ;18852440;2-комнатная квартира;31;32; Адрес: Москва, ЖК Бусиновский Парк, к22.3, Бусиновский парк. ; Характеристики, описание и фото объекта id 4017216401904511731 на Яндекс Недвижимости;https://realty.yandex.ru/offer/4017216401904511731/;8
31.03.2026 22:46;Продается двухкомнатная квартира 45.4 м;45.4 ;24149660;2-комнатная квартира;24;35; Адрес: Москва, Фестивальная улица, 15к4, ЖК «Фестиваль парк-2». ; Характеристики, описание и фото объекта id 2203666136856076390 на Яндекс Недвижимости;https://realty.yandex.ru/offer/2203666136856076390/;8
31.03.2026 22:46;Продается однокомнатная квартира 39.8 м;39.8 ;30813160;1-комнатная квартира;30;30; Адрес: Москва, улица Ивана Франко, 20к3, Кутузовский квартал. ; Характеристики, описание и фото объекта id 5462324270951435719 на Яндекс Недвижимости;https://realty.yandex.ru/offer/5462324270951435719/;8
31.03.2026 22:46;Продается апартаменты 147.2 м;147.2 ;37521280;6-комнатные апартаменты;2;20; Адрес: Москва, Долгопрудненское шоссе, 3А, ФизтехСити. ; Характеристики, описание и фото объекта id 6277030519061659931 на Яндекс Недвижимости;https://realty.yandex.ru/offer/6277030519061659931/;8
31.03.2026 22:46;Продается апартаменты 91.2 м;91.2 ;43256160;4-комнатные апартаменты;22;28; Адрес: Москва, ЖК Эмоушен, Эмоушн. ; Характеристики, описание и фото объекта id 6202339441235701242 на Яндекс Недвижимости;https://realty.yandex.ru/offer/6202339441235701242/;8
31.03.2026 22:46;Продается двухкомнатная квартира 53 м;53 ;19500000;2-комнатная квартира;6;25; Адрес: Москва, Салтыковская улица, 6/2к1, ЖК «мой адрес На Салтыковской». ; Характеристики, описание и фото объекта id 7053956939233700701 на Яндекс Недвижимости;https://realty.yandex.ru/offer/7053956939233700701/;8
31.03.2026 22:46;Продается трехкомнатная квартира 91.47 м;91.5 ;54645552;3-комнатная квартира;3;17; Адрес: Москва, ЖК Мира, ЖК «МИРА». ; Характеристики, описание и фото объекта id 4359918766144265140 на Яндекс Недвижимости;https://realty.yandex.ru/offer/4359918766144265140/;8
31.03.2026 22:47;Продается трехкомнатная квартира 78.3 м;78.3 ;50869312;3-комнатная квартира;16;35; Адрес: Москва, ЖК Родина Парк, к1, ЖК «Родина Парк». ; Характеристики, описание и фото объекта id 3190558370547186787 на Яндекс Недвижимости;https://realty.yandex.ru/offer/3190558370547186787/;8
31.03.2026 22:47;Продается квартира 201.34 м;201.3 ;453015008;4-комнатная квартира;7;8; Адрес: Москва, Машкова улица, 18, Дом Соболева. ; Характеристики, описание и фото объекта id 8431797464374563873 на Яндекс Недвижимости;https://realty.yandex.ru/offer/8431797464374563873/;8
31.03.2026 22:47;Продается трехкомнатная квартира 117 м;117 ;113291104;3-комнатная квартира;2;15; Адрес: Москва, улица Серпуховский Вал, 7, ЖК «Дом 7 Даниловский». ; Характеристики, описание и фото объекта id 7336520255663487475 на Яндекс Недвижимости;https://realty.yandex.ru/offer/7336520255663487475/;8
31.03.2026 22:47;Продается трехкомнатная квартира 88.4 м;88.4 ;37393200;3-комнатная квартира;15;31; Адрес: Москва, улица Плеханова, 11Б, Плеханова 11. ; Характеристики, описание и фото объекта id 5462324270899605867 на Яндекс Недвижимости;https://realty.yandex.ru/offer/5462324270899605867/;8
31.03.2026 22:47;Продается квартира 78.1 м;78.1 ;23001232;4-комнатная квартира;19;19; Адрес: Москва, НАО, район Коммунарка, ЖК Бунинские Кварталы, 9.1, ЖК «Бунинские Кварталы». ; Характеристики, описание и фото объекта id 3221624791708357618 на Яндекс Недвижимости;https://realty.yandex.ru/offer/3221624791708357618/;8
